AcresBurned,Counties,Latitude,Longitude,Date
257314.0,Tuolumne,37.857,-120.086,2013-08-17
30274.0,Los Angeles,34.585595,-118.423176,2013-05-30
27531.0,Riverside,33.7095,-116.72885,2013-07-15
27440.0,Placer,39.12,-120.65,2013-08-10
24251.0,Ventura,0.0,0.0,2013-05-02
22992.0,Fresno,37.279,-119.318,2013-07-22
20292.0,Riverside,33.86157,-116.90427,2013-08-07
14754.0,Siskiyou,41.32,-123.176,2013-07-31
12503.0,Humboldt,41.035,-123.488,2013-08-10
11429.0,Tehama,40.042629999999996,-121.85396999999999,2013-08-23
8073.0,Shasta,40.498332,-122.535496,2013-09-09
7055.0,San Diego,32.95435,-116.47381000000001,2013-07-06
6965.0,Tehama,40.190062,-121.595555,2013-05-01
4346.0,Kern,34.7861,-118.9411,2013-05-15
4346.0,Ventura,34.7861,-118.9411,2013-05-15
3505.0,Sonoma,38.8167,-122.8498,2013-11-22
3166.0,Riverside,34.288877,-116.94131100000001,2013-05-01
3111.0,Contra Costa,37.90757,-121.88258200000001,2013-09-08
2781.0,San Diego,33.121109999999994,-116.52578999999999,2013-05-23
2462.0,Butte,39.446267999999996,-121.38236,2013-08-16
2236.0,San Diego,33.341,-117.3092,2013-10-05
2060.0,Tulare,36.208,-118.444,2013-08-24
1984.0,Santa Barbara,34.55048,-119.82428999999999,2013-05-27
1708.0,Mariposa,37.58202,-119.91071000000001,2013-06-16
1383.0,Riverside,33.62236,-117.40288000000001,2013-08-05
1271.0,San Diego,33.044579999999996,-116.5209,2013-05-26
1070.0,Tuolumne,38.25108,-120.02778,2013-08-05
917.0,Monterey,0.0,0.0,2013-12-16
794.0,Kern,35.707,-118.588,2013-08-18
712.0,Kern,34.882,-118.9194,2013-07-19
712.0,Los Angeles,34.49149,-118.61004399999999,2013-05-17
612.0,Kern,34.90327,-118.93388,2013-07-23
572.0,El Dorado,38.774,-120.29799999999999,2013-07-08
534.0,San Bernardino,34.071556,-117.048397,2013-06-28
513.0,Plumas,40.00842,-120.76466599999999,2013-08-18
510.0,Riverside,33.894055,-116.855019,2013-05-04
502.0,Modoc,41.2415,-121.035,2013-07-03
500.0,San Luis Obispo,35.15832,-120.05131000000002,2013-06-01
492.0,Contra Costa,37.96866,-121.91453,2013-07-01
482.0,Madera,37.015575,-119.78106000000001,2013-06-16
413.0,San Bernardino,34.302,-117.598,2013-08-20
406.0,Inyo,36.602575,-118.01651000000001,2013-02-24
376.0,Napa,38.628,-122.289,2013-10-03
354.0,San Benito,37.160346000000004,-120.937494,2013-05-03
311.0,Riverside,0.0,0.0,2013-02-28
305.0,Butte,39.439,-121.49700000000001,2013-10-04
303.0,San Joaquin,38.049929999999996,-120.90325,2013-05-30
298.0,Butte,39.434183000000004,-121.57680400000001,2013-06-03
296.0,Lake,0.0,0.0,2013-01-22
274.0,Contra Costa,39.90465,-121.74367,2013-07-01
274.0,Madera,37.116295,-119.63500400000001,2013-04-30
268.0,Los Angeles,34.149,-117.90799999999999,2013-09-23
263.0,San Diego,32.710918,-116.746023,2013-09-09
243.0,San Bernardino,34.35,-117.62,2013-08-08
240.0,Alameda,37.775057000000004,-121.73721299999998,2013-06-08
237.0,Placer,38.729296999999995,-121.38086200000001,2013-06-13
226.0,Glenn,0.0,0.0,2013-06-12
217.0,Glenn,39.514139,-122.56086200000001,2013-05-01
213.0,Monterey,0.0,0.0,2013-07-17
200.0,San Bernardino,34.2,-117.417,2013-09-24
200.0,Tehama,40.012398,-122.079871,2013-07-04
196.0,Shasta,40.5445,-121.3754,2013-08-19
195.0,Tehama,39.961309,-122.33087900000001,2013-07-19
190.0,Napa,38.382,-122.311,2013-11-21
170.0,Santa Barbara,34.611824,-120.074655,2013-05-28
163.0,Yolo,38.67479,-122.08725,2013-11-04
163.0,El Dorado,38.63987,-121.08438000000001,2013-07-19
163.0,Sacramento,38.63987,-121.08438000000001,2013-07-19
159.0,Sonoma,38.34599,-122.6503,2013-10-04
158.0,Sonoma,38.17693,-122.51253,2013-07-26
150.0,Alameda,0.0,0.0,2013-10-04
150.0,Riverside,33.990128000000006,-117.164997,2013-07-16
150.0,Stanislaus,37.436,-121.1955,2013-07-12
150.0,Fresno,36.7218,-119.2248,2013-06-25
150.0,Butte,0.0,0.0,2013-05-22
149.0,Los Angeles,34.419284000000005,-118.58688000000001,2013-05-28
134.0,Tulare,36.258,-118.459,2013-09-08
125.0,Sonoma,38.638828000000004,-122.655616,2013-05-01
124.0,Solano,38.08744,-122.13802,2013-06-18
124.0,Merced,37.03776,-121.00693899999999,2013-06-04
124.0,Riverside,33.963591,-117.18793400000001,2013-05-25
120.0,Lake,38.882214000000005,-122.567525,2013-11-08
116.0,El Dorado,38.682378,-120.839075,2013-08-16
110.0,San Bernardino,34.287,-117.45100000000001,2013-08-17
108.0,Fresno,36.772425,-119.62838899999998,2013-06-13
105.0,Monterey,36.1531,-120.8973,2013-06-29
100.0,Los Angeles,0.0,0.0,2013-08-09
100.0,Tuolumne,37.91529,-120.33313000000001,2013-06-02
100.0,San Diego,32.564465000000006,-116.900368,2013-05-22
98.0,Mendocino,38.9252,-122.96600000000001,2013-09-28
97.0,Modoc,41.73325,-120.375,2013-09-05
97.0,San Bernardino,33.641999999999996,-116.706,2013-08-24
97.0,Lassen,40.88886,-120.95812600000001,2013-08-09
96.0,Amador,38.27783,-120.966016,2013-06-12
94.0,San Luis Obispo,35.4393,-120.8358,2013-09-24
92.0,Butte,39.6612,-121.50353999999999,2013-08-01
91.0,Madera,37.1927,-119.7917,2013-05-19
90.0,Riverside,33.9582,-116.6534,2013-05-21
85.0,San Luis Obispo,35.62743,-120.83417,2013-07-07
82.0,Mendocino,39.0442,-123.1478,2013-11-22
80.0,Butte,39.731878,-121.71393799999998,2013-08-31
80.0,Fresno,0.0,0.0,2013-04-09
75.0,Tehama,0.0,0.0,2013-09-15
75.0,San Bernardino,34.316,-117.352,2013-07-25
75.0,Madera,37.169379,-119.75636000000002,2013-06-12
75.0,San Bernardino,34.1834,-117.4408,2013-05-13
75.0,Napa,38.441792,-122.350844,2013-04-30
73.0,San Bernardino,34.003151,-117.106075,2013-09-11
73.0,Yuba,39.205999999999996,-121.31634,2013-07-08
72.0,Butte,0.0,0.0,2013-05-01
70.0,Lake,39.013682,-122.49189399999999,2013-08-16
68.0,Modoc,41.568999999999996,-120.959,2013-09-07
64.0,Ventura,34.384,-119.13248999999999,2013-11-14
60.0,Riverside,38.838,-116.61,2013-08-06
60.0,Riverside,33.910270000000004,-116.99895,2013-08-04
52.0,Nevada,39.333401,-121.107022,2013-08-31
51.0,San Luis Obispo,35.457978000000004,-120.75155500000001,2013-11-08
50.0,Lake,39.0448,-122.7656,2013-11-23
50.0,Siskiyou,41.923322999999996,-122.57839299999999,2013-08-15
50.0,Santa Clara,37.1438,-121.7804,2013-07-12
50.0,Alameda,37.7393,-121.5869,2013-07-04
50.0,San Luis Obispo,35.5123,-120.6368,2013-05-25
46.0,Calaveras,38.06231,-120.45233,2013-08-17
46.0,Fresno,37.03087,-119.463757,2013-06-17
45.0,Mendocino,38.980846,-123.06767099999999,2013-07-23
44.0,Ventura,0.0,0.0,2013-12-10
43.0,Shasta,40.373000000000005,-122.7338,2013-07-09
42.0,Riverside,33.969359999999995,-117.1265,2013-06-08
41.0,San Mateo,37.667295,-122.42728500000001,2013-09-07
40.0,Santa Clara,37.342186,-121.717706,2013-12-31
40.0,Orange,33.7655,-117.6649,2013-10-06
40.0,San Diego,0.0,0.0,2013-09-26
40.0,Riverside,33.570291,-116.10815,2013-08-16
40.0,Siskiyou,0.0,0.0,2013-07-31
40.0,Riverside,33.9634,-117.2508,2013-07-19
40.0,Riverside,34.001745,-117.302057,2013-06-14
40.0,Riverside,33.655638,-116.161201,2013-05-16
38.0,El Dorado,38.89555,-120.84716,2013-08-24
38.0,Lake,39.1591,-122.5906,2013-08-07
38.0,Alameda,37.74241,-121.86216,2013-07-06
35.0,Fresno,36.763366999999995,-119.55824399999999,2013-06-13
35.0,San Luis Obispo,35.49864,-120.91375,2013-05-20
34.0,Shasta,0.0,0.0,2013-08-04
33.0,Shasta,40.483662,-122.140914,2013-11-07
31.0,Calaveras,37.965364,-120.69636200000001,2013-07-22
30.0,Lake,38.9777,-122.68299999999999,2013-09-15
30.0,Lake,38.992329999999995,-122.703193,2013-06-05
30.0,San Bernardino,34.288877,-116.94131100000001,2013-04-20
28.0,Sonoma,38.4229,-122.0437,2013-06-10
28.0,Solano,38.4229,-122.0437,2013-06-10
28.0,Lake,38.4229,-122.0437,2013-06-10
28.0,Colusa,38.4229,-122.0437,2013-06-10
27.0,Shasta,40.473356,-122.48258999999999,2013-08-14
25.0,San Diego,32.612773,-116.70733500000001,2013-07-28
25.0,Lake,38.980579999999996,-122.81796000000001,2013-06-20
25.0,Riverside,33.96201,-116.90721299999998,2013-05-20
23.0,Lake,38.9289,-122.5818,2013-11-23
15.0,Mendocino,0.0,0.0,2013-12-30
15.0,Riverside,33.94528,-117.09306000000001,2013-07-19
15.0,Madera,0.0,0.0,2013-05-12
0.0,Humboldt,41.333,-123.376,2013-08-03
0.0,Riverside,33.99647,-116.84137,2013-06-09
97717.0,El Dorado,38.805437,-120.62971399999999,2014-09-13
50042.0,Siskiyou,0.0,0.0,2014-08-02
39736.0,Shasta,40.900999999999996,-121.368,2014-07-30
35302.0,Siskiyou,42.048,-122.345,2014-07-30
32496.0,Siskiyou,0.0,0.0,2014-07-30
32416.0,Shasta,40.72,-121.56200000000001,2014-07-31
14416.0,San Diego,0.0,0.0,2014-05-15
13838.0,Madera,0.0,0.0,2014-07-28
13153.0,Modoc,41.1336,-121.2144,2014-07-30
12661.0,Shasta,40.4314,-122.75078799999999,2014-07-11
12536.0,Mendocino,0.0,0.0,2014-07-30
6488.0,Yolo,38.512,-122.104,2014-07-04
6258.0,Shasta,41.141000000000005,-122.805,2014-07-30
5503.0,Siskiyou,41.681999999999995,-122.12700000000001,2014-07-31
5367.0,San Diego,33.3529,-117.28488899999999,2014-05-14
4840.0,Monterey,0.0,0.0,2014-06-19
4772.0,Mariposa,0.0,0.0,2014-08-16
4689.0,Mariposa,0.0,0.0,2014-07-26
4300.0,Napa,38.664,-122.454,2014-07-01
4300.0,Lake,38.664,-122.454,2014-07-01
4240.0,Amador,38.5691,-120.7819,2014-07-25
4240.0,El Dorado,38.5691,-120.7819,2014-07-25
4045.0,Kern,35.7206,-118.4747,2014-08-18
3895.0,Kern,35.70683,-118.555527,2014-06-13
2143.0,San Bernardino,34.169346000000004,-117.547374,2014-04-30
1995.0,San Diego,33.1137,-117.1599,2014-05-14
1952.0,Los Angeles,34.1703,-117.8816,2014-01-16
1680.0,Kern,35.641999999999996,-118.15,2014-07-11
1651.0,Modoc,41.89,-120.79,2014-07-01
1548.0,San Diego,33.003,-117.133,2014-05-13
1469.0,Modoc,41.489,-120.904,2014-07-03
1457.0,San Diego,33.417572,-117.55056699999999,2014-05-16
1375.0,Shasta,40.7101,-122.171,2014-09-10
1080.0,Mariposa,0.0,0.0,2014-07-17
968.0,Orange,33.748000000000005,-117.601,2014-09-12
865.0,Tehama,40.134597,-121.79018300000001,2014-01-02
677.0,Mariposa,0.0,0.0,2014-05-26
632.0,Santa Barbara,34.609,-120.454,2014-05-13
612.0,Madera,37.3433,-119.6581,2014-08-18
600.0,San Diego,33.1109,-117.279,2014-05-14
580.0,Trinity,40.7412,-122.946,2014-08-24
516.0,Siskiyou,41.423840000000006,-122.37432,2014-09-15
487.0,Tuolumne,37.76617,-120.45087,2014-06-04
459.0,Placer,0.0,0.0,2014-10-08
403.0,Mendocino,0.0,0.0,2014-09-13
400.0,Monterey,36.6313,-121.4819,2014-03-19
389.0,Butte,0.0,0.0,2014-07-28
380.0,San Diego,33.312,-117.162,2014-05-14
350.0,Riverside,0.0,0.0,2014-03-15
333.0,Humboldt,40.884415000000004,-123.773779,2014-01-04
320.0,Madera,37.311915,-119.604124,2014-09-14
311.0,Mariposa,37.0,40.34,2014-10-07
300.0,Mariposa,0.0,0.0,2014-09-05
300.0,Merced,0.0,0.0,2014-07-24
274.0,Los Angeles,34.266999999999996,-117.867,2014-08-17
269.0,Tuolumne,37.787,-120.45200000000001,2014-06-05
247.0,Nevada,39.113682,-120.999508,2014-09-13
225.0,Tehama,40.009827,-122.345078,2014-06-13
217.0,San Diego,33.078948,-116.576454,2014-07-03
210.0,Humboldt,41.13399999999999,-123.75299999999999,2014-09-12
190.0,Los Angeles,34.235,-117.771,2014-08-14
175.0,Lake,39.1647,-122.5983,2014-05-25
143.0,Shasta,40.6569,-122.2215,2014-07-09
130.0,Mariposa,37.7103,-120.197,2014-06-10
125.0,Santa Clara,0.0,0.0,2014-06-30
125.0,San Diego,32.81,-116.49,2014-03-08
120.0,Calaveras,120.679019,38.178241,2014-06-20
120.0,Placer,0.0,0.0,2014-01-22
113.0,Inyo,37.399,-118.352,2014-04-19
106.0,Fresno,36.8266,-119.3415,2014-01-25
105.0,San Diego,0.0,0.0,2014-05-14
101.0,Modoc,41.507,-121.266,2014-08-12
100.0,Lake,0.0,0.0,2014-09-03
100.0,Riverside,0.0,0.0,2014-09-01
94.0,El Dorado,38.59,-120.02799999999999,2014-09-14
90.0,Mariposa,0.0,0.0,2014-06-06
85.0,Calaveras,38.058,-120.66,2014-06-22
84.0,Nevada,39.3918,-120.0805,2014-08-18
80.0,Santa Clara,0.0,0.0,2014-08-28
80.0,Contra Costa,37.5359,-121.5118,2014-07-11
79.0,Mariposa,0.0,0.0,2014-09-07
78.0,Riverside,0.0,0.0,2014-07-23
75.0,Shasta,40.5719,-121.3415,2014-07-05
75.0,Monterey,36.103,-121.117,2014-04-30
72.0,Butte,39.4664,-121.6129,2014-07-14
70.0,Tuolumne,37.8316,-120.3434,2014-09-04
70.0,Kern,0.0,0.0,2014-07-01
70.0,Solano,121.999,38.453,2014-06-12
65.0,Inyo,0.0,0.0,2014-09-16
62.0,Mendocino,0.0,0.0,2014-09-21
60.0,Butte,0.0,0.0,2014-01-01
57.0,Riverside,33.5982,-116.1985,2014-03-28
56.0,San Diego,0.0,0.0,2014-05-14
50.0,Shasta,40.39,-122.721,2014-05-14
48.0,San Bernardino,33.93869,-117.70643000000001,2014-10-16
47.0,San Luis Obispo,35.8218,-121.0226,2014-07-07
40.0,Fresno,36.991825,-119.52550600000001,2014-06-09
38.0,Nevada,39.1871,-121.2687,2014-07-07
37.0,Humboldt,0.0,0.0,2014-08-01
37.0,Stanislaus,0.0,0.0,2014-05-27
31.0,Riverside,0.0,0.0,2014-06-06
30.0,Siskiyou,0.0,0.0,2014-07-29
30.0,El Dorado,38.608336,-120.70323799999998,2014-07-09
29.0,San Diego,32.665,-116.22200000000001,2014-05-05
27.0,Napa,38.695961,-122.384054,2014-09-11
25.0,Ventura,0.0,0.0,2014-09-29
25.0,Shasta,40.0,29.24,2014-08-29
25.0,Fresno,36.742746999999994,-119.24149299999999,2014-06-11
20.0,El Dorado,38.9195001,-120.1140659,2014-09-25
20.0,San Diego,32.59154,-116.89516,2014-08-16
18.0,Humboldt,0.0,0.0,2014-01-03
15.0,Trinity,40.41,-123.24,2014-07-01
14.0,Placer,0.0,0.0,2014-07-21
14.0,Riverside,0.0,0.0,2014-06-04
10.0,Madera,37.0,18.4,2014-08-26
6.0,Napa,0.0,0.0,2014-08-24
0.0,Siskiyou,41.79600000000001,-123.374,2014-08-11
151623.0,Fresno,36.874,-118.905,2015-07-31
77081.0,Trinity,0.0,0.0,2015-07-30
69438.0,Lake,38.886353799999995,-122.47624750000001,2015-07-29
36503.0,Trinity,0.0,0.0,2015-07-30
31359.0,San Bernardino,34.160277777778,-116.89277777778,2015-06-17
30361.0,Del Norte,0.0,0.0,2015-07-31
29416.0,Trinity,0.0,0.0,2015-07-30
25118.0,Lake,38.8142503,-122.48673190000001,2015-08-09
25118.0,Napa,38.8142503,-122.48673190000001,2015-08-09
10570.0,Lassen,40.938,-120.105,2015-08-03
7509.0,Del Norte,0.0,0.0,2015-08-01
7000.0,Inyo,0.0,0.0,2015-02-06
7000.0,Mono,0.0,0.0,2015-02-06
6980.0,Tulare,36.24,-118.54,2015-07-19
5702.0,Madera,37.279722,-119.50013999999999,2015-07-25
4883.0,Humboldt,0.0,0.0,2015-07-30
4863.0,Modoc,41.398999999999994,-121.39200000000001,2015-07-30
4250.0,San Bernardino,34.339,-117.478,2015-07-17
3676.0,Mono,0.0,0.0,2015-08-14
2700.0,Alameda,37.3845,-121.3732,2015-08-19
2446.0,San Luis Obispo,35.3477,-120.6269,2015-08-16
2304.0,Nevada,39.192088,-120.88231299999998,2015-07-25
1850.0,San Diego,0.0,0.0,2015-08-13
1791.0,San Luis Obispo,0.0,0.0,2015-06-20
1542.0,Trinity,40.924,-123.16799999999999,2015-06-10
1450.0,Merced,0.0,0.0,2015-07-31
1333.0,Merced,0.0,0.0,2015-07-18
1086.0,Monterey,36.3699644,-121.589554,2015-09-19
1049.0,Riverside,33.884313,-117.64275900000001,2015-04-18
1042.0,Butte,39.5218,-121.3363,2015-09-11
920.0,Madera,37.165766999999995,-119.52394299999999,2015-06-18
860.0,Butte,0.0,0.0,2015-10-03
673.0,Lake,55.23,-122.0,2015-09-02
670.0,San Benito,36.70854,-121.32733999999999,2015-10-12
543.0,Riverside,33.5736,-116.5387,2015-08-10
509.0,Mono,0.0,0.0,2015-02-06
500.0,Madera,0.0,0.0,2015-06-18
430.0,Tulare,36.085212,-118.82423500000002,2015-07-21
415.0,Mariposa,0.0,0.0,2015-09-07
415.0,Los Angeles,34.361007,-118.535793,2015-06-24
400.0,Butte,39.43963,-121.38793999999999,2015-07-29
374.0,Los Angeles,0.0,0.0,2015-08-16
355.0,Amador,0.0,0.0,2015-07-02
300.0,Los Angeles,0.0,0.0,2015-08-16
300.0,Alameda,0.0,0.0,2015-06-05
282.0,Ventura,0.0,0.0,2015-08-02
275.0,Merced,37.08312,-121.06963,2015-05-11
242.0,Alameda,0.0,0.0,2015-05-28
227.0,Mendocino,0.0,0.0,2015-07-30
215.0,Santa Clara,0.0,0.0,2015-09-09
215.0,Lake,38.925764,-122.879272,2015-08-22
214.0,Orange,33.7626,-117.7274,2015-07-13
212.0,Shasta,40.415108000000004,-122.439939,2015-07-29
211.0,Santa Barbara,0.0,0.0,2015-06-29
204.0,Tuolumne,37.823,-120.15643999999999,2015-07-29
200.0,Los Angeles,34.367,-117.68299999999999,2015-07-17
200.0,Siskiyou,41.485,-121.851,2015-02-24
195.0,Contra Costa,37.81629,-121.68113000000001,2015-07-30
186.0,Ventura,0.0,0.0,2015-08-14
181.0,Siskiyou,41.8048,-122.5029,2015-07-13
171.0,San Diego,32.9421,-116.8534,2015-06-17
170.0,Fresno,40.400196,-120.553075,2015-09-09
170.0,Tehama,39.8448,-122.3638,2015-07-04
167.0,Kern,0.0,0.0,2015-08-20
167.0,San Diego,33.383889,-116.86861100000002,2015-07-24
164.0,Ventura,0.0,0.0,2015-06-22
158.0,Humboldt,41.295667,-123.784067,2015-07-24
158.0,Yuba,39.2688,-121.26471000000001,2015-06-18
150.0,Solano,38.4113,-122.0789,2015-07-06
150.0,Riverside,0.0,0.0,2015-07-01
146.0,Humboldt,40.1058823,-124.0720419,2015-08-18
137.0,Plumas,40.050833333333,-120.70166666667,2015-04-13
135.0,Madera,37.072561,-119.6958,2015-06-21
128.0,Trinity,40.724897999999996,-122.96173999999999,2015-08-25
122.0,San Joaquin,0.0,0.0,2015-06-18
116.0,Modoc,41.29226,-121.17211699999999,2015-07-23
114.0,Calaveras,38.052,-120.5577,2015-08-13
112.0,Tuolumne,37.83618,-120.61691,2015-08-15
111.0,Lassen,0.0,0.0,2015-06-30
110.0,Sacramento,0.0,0.0,2015-09-03
110.0,Tehama,40.3506868,-121.77867990000001,2015-08-08
110.0,Placer,0.0,0.0,2015-06-08
109.0,Shasta,40.475120000000004,-122.52541000000001,2015-09-11
108.0,Tuolumne,38.04684,-120.30188000000001,2015-09-08
104.0,Butte,39.8707,-121.8938,2015-10-02
100.0,San Bernardino,34.165974,-117.24387800000001,2015-06-25
95.0,Monterey,36.5696373,-121.75560290000001,2015-09-19
95.0,San Luis Obispo,35.7183,-121.0157,2015-07-10
90.0,Shasta,40.49865,-122.20109,2015-07-30
86.0,Tulare,36.49845,-118.9009,2015-07-30
80.0,San Diego,32.6449163,-116.94543870000001,2015-06-26
80.0,Riverside,0.0,0.0,2015-06-01
77.0,Modoc,40.856421999999995,-121.101623,2015-07-23
75.0,Shasta,40.67868,-121.93243999999999,2015-08-02
75.0,Shasta,40.509552,-122.19922700000001,2015-07-29
75.0,El Dorado,38.775999999999996,-120.404,2015-07-23
75.0,Butte,0.0,0.0,2015-07-01
72.0,Butte,26.42,-121.0,2015-09-02
69.0,Siskiyou,0.0,0.0,2015-08-20
67.0,Kern,35.77937,-120.19481999999999,2015-06-15
65.0,San Bernardino,0.0,0.0,2015-08-01
60.0,Fresno,0.0,0.0,2015-07-18
60.0,Lassen,40.875667,-121.033667,2015-06-19
60.0,Riverside,0.0,0.0,2015-06-18
60.0,Mariposa,0.0,0.0,2015-06-18
60.0,Amador,38.260777000000004,-121.135426,2015-06-16
59.0,Shasta,40.3929,-122.40546,2015-08-03
58.0,Siskiyou,0.0,0.0,2015-10-10
55.0,San Bernardino,34.23,-116.883,2015-08-23
55.0,San Diego,33.4115972,-117.2886249,2015-08-09
55.0,Tehama,40.0133,-122.552,2015-06-17
54.0,San Bernardino,34.0783472,-117.04878629999999,2015-07-12
53.0,Alameda,0.0,0.0,2015-06-25
52.0,Santa Barbara,34.9522,-120.2903,2015-08-01
50.0,Ventura,34.15,-118.87944399999999,2015-11-07
50.0,Mendocino,39.433009999999996,-123.36316000000001,2015-07-30
45.0,Kern,0.0,0.0,2015-09-09
45.0,Alameda,0.0,0.0,2015-07-02
45.0,Fresno,0.0,0.0,2015-06-05
43.0,Modoc,0.0,0.0,2015-07-09
42.0,Santa Clara,0.0,0.0,2015-06-30
40.0,Lassen,40.400196,-120.553075,2015-09-09
40.0,Stanislaus,37.24523,-121.20324,2015-07-28
40.0,Solano,38.1029,-122.1578,2015-07-10
38.0,Napa,38.5287,-122.3415,2015-06-16
36.0,Napa,0.0,0.0,2015-06-09
35.0,Trinity,40.0,41.46,2015-09-08
35.0,El Dorado,0.0,0.0,2015-07-03
35.0,Mendocino,39.7806004,-123.24821399999999,2015-06-28
30.0,Nevada,39.080999999999996,-121.194,2015-09-22
30.0,Lassen,41.12362,-121.19425600000001,2015-08-29
30.0,Yuba,39.33303,-121.18735,2015-08-03
29.0,Ventura,0.0,0.0,2015-11-11
26.0,Placer,38.9361,-121.1548,2015-07-22
25.0,San Diego,32.682547,-116.51683999999999,2015-07-24
25.0,San Benito,36.8727,-121.5681,2015-07-20
25.0,San Diego,33.21407,-116.73472,2015-07-16
25.0,El Dorado,0.0,0.0,2015-07-02
25.0,Mariposa,0.0,0.0,2015-06-07
25.0,Lake,0.0,0.0,2015-06-05
25.0,Riverside,0.0,0.0,2015-06-05
24.0,Siskiyou,41.999340999999994,-121.891226,2015-07-21
23.0,Mendocino,39.0263,-123.303,2015-07-04
22.0,Lake,38.831478000000004,-122.53428000000001,2015-08-24
21.0,Santa Barbara,34.4828,-119.63216000000001,2015-10-29
21.0,Riverside,33.986204,-117.43942,2015-07-12
20.0,Humboldt,41.1513,-123.8292,2015-06-10
19.0,Napa,38.519132,-122.181878,2015-06-27
18.0,Shasta,40.5953,-122.4397,2015-07-07
16.0,Humboldt,40.1093,-123.774,2015-07-28
0.0,Trinity,0.0,0.0,2015-07-30
0.0,Alpine,38.598056,-119.751944,2015-06-19
132127.0,Monterey,36.45994,-121.89938000000001,2016-07-22
48019.0,Kern,35.6115,-118.45628,2016-06-23
46344.0,San Luis Obispo,35.70595,-120.98316000000001,2016-08-13
36274.0,San Bernardino,34.30372,-117.49342,2016-08-16
33867.0,Siskiyou,41.851000000000006,-123.118,2016-08-27
32606.0,Santa Barbara,0.0,0.0,2016-08-18
29322.0,Kern,35.7506,-118.5678,2016-08-16
12518.0,Santa Barbara,34.63445,-120.54421,2016-09-17
8110.0,San Bernardino,34.28771,-117.27338,2016-08-07
7609.0,San Diego,32.60729,-116.63028,2016-06-19
7474.0,Santa Barbara,34.775999999999996,-119.64299999999999,2016-06-15
7050.0,Fresno,36.099740000000004,-120.51057,2016-08-09
5731.0,Yolo,38.52513,-122.06788,2016-08-02
5646.0,El Dorado,38.96741,-120.9375,2016-06-28
5646.0,Placer,38.96741,-120.9375,2016-06-28
5443.0,Inyo,37.75985,-118.95308999999999,2016-09-17
5399.0,Los Angeles,0.0,0.0,2016-06-20
4824.0,Los Angeles,34.31,-118.335,2016-11-14
4474.0,Santa Clara,37.106320000000004,-121.85318000000001,2016-09-26
4347.0,Tulare,35.984,-118.551,2016-10-29
3929.0,Lake,38.89741,-122.60663999999998,2016-08-13
3876.0,Monterey,36.38123,-121.20058999999999,2016-05-22
3712.0,San Luis Obispo,0.0,0.0,2016-05-18
2944.0,Fresno,36.0749,-120.452041,2016-07-01
2860.0,Siskiyou,41.623000000000005,-123.557,2016-06-07
2819.0,Mono,0.0,0.0,2016-08-04
2652.0,Modoc,41.2649,-120.3178,2016-09-17
2575.0,Lassen,40.3915,-120.7845,2016-09-11
2520.0,Monterey,36.01542,-121.25028999999999,2016-06-04
2304.0,Ventura,34.701,-119.14399999999999,2016-06-30
2241.0,Fresno,37.01591,-119.50506999999999,2016-07-30
2100.0,Fresno,36.94536,-119.25958999999999,2016-10-11
1785.0,Kern,35.20993,-118.72272,2016-07-01
1547.0,Sonoma,38.80017,-122.82895,2016-09-25
1470.0,Riverside,0.0,0.0,2016-08-30
1246.0,Merced,37.07147,-121.20155,2016-06-25
1245.0,San Diego,33.393,-117.35093,2016-07-21
1109.0,Los Angeles,34.36763,-118.57245,2016-07-09
1080.0,Tuolumne,37.79635,-120.32484,2016-09-26
850.0,Butte,39.6871,-121.571,2016-09-05
710.0,Siskiyou,41.7813,-122.611,2016-08-24
650.0,Mono,37.97,-119.14,2016-06-25
599.0,Humboldt,41.284859999999995,-123.82268,2016-08-22
554.0,Kern,34.913000000000004,118.9082,2016-07-08
550.0,Butte,39.6708,-121.7192,2016-08-02
518.0,Kern,35.2013,-118.7212,2016-08-26
464.0,Tehama,40.0353,-122.56938999999998,2016-06-30
450.0,Calaveras,38.1874,-120.6381,2016-08-28
441.0,Shasta,40.36873,-122.72913,2016-07-08
400.0,Yuba,36.16965,-121.38775,2016-08-18
395.0,Tulare,36.1648,-118.73906000000001,2016-08-22
380.0,Modoc,41.4657,-120.9066,2016-09-11
372.0,Amador,38.385,-121.003611,2016-06-28
360.0,Tehama,40.30594,-122.1295,2016-09-13
341.0,Calaveras,38.08056,-120.81393999999999,2016-07-12
310.0,Calaveras,38.02845,-120.61153,2016-07-02
306.0,Kern,0.0,0.0,2016-09-19
304.0,Kern,35.4976,-118.5097,2016-08-28
300.0,Sutter,39.188321,-121.78003000000001,2016-09-20
278.0,Fresno,36.88286,-119.654,2016-05-25
277.0,Yolo,38.699709999999996,-122.15456999999999,2016-06-26
248.0,Plumas,39.92,-121.32,2016-09-26
237.0,San Benito,0.0,0.0,2016-06-17
221.0,Kern,35.68313,-118.21793000000001,2016-07-13
215.0,Santa Barbara,34.75134,-120.55297,2016-09-22
215.0,Lake,39.12366,-122.50373,2016-06-26
211.0,Alameda,37.74369,-121.58677,2016-06-25
210.0,Amador,38.26874,-120.90265,2016-06-17
188.0,Fresno,36.92244,-119.39618999999999,2016-07-11
176.0,El Dorado,38.934490000000004,-120.10744,2016-10-14
173.0,Riverside,0.0,0.0,2016-07-12
169.0,Placer,38.8390117,-121.3090268,2016-05-17
158.0,Fresno,36.84479,-119.34487,2016-09-03
156.0,Los Angeles,34.275999999999996,-118.354,2016-05-23
151.0,Fresno,0.0,0.0,2016-04-28
150.0,Del Norte,37.75972,-120.02962600000001,2016-09-13
150.0,Orange,33.6542,-117.5221,2016-08-31
150.0,San Luis Obispo,35.619609999999994,-120.39993,2016-05-10
147.0,San Joaquin,37.62215,-121.36665,2016-08-20
145.0,Fresno,36.14161,-120.62048,2016-07-04
140.0,Stanislaus,0.0,0.0,2016-08-04
139.0,Riverside,33.476894,-117.140883,2016-06-04
138.0,Kern,35.607479999999995,-118.94811000000001,2016-07-15
132.0,Fresno,36.787690000000005,-119.38248,2016-05-15
130.0,Butte,39.4403,-121.42647,2016-09-22
123.0,Fresno,37.0099,-119.5792,2016-07-15
122.0,Mono,0.0,0.0,2016-08-05
120.0,Stanislaus,37.17072,-121.42238,2016-06-07
114.0,Santa Clara,37.41896,-121.79668999999998,2016-07-30
112.0,Butte,39.595,-121.6008,2016-06-20
103.0,Madera,37.256009999999996,-119.65776000000001,2016-07-04
100.0,Shasta,40.0,-121.93923000000001,2016-09-25
100.0,Santa Clara,0.0,0.0,2016-08-17
100.0,Kern,35.24504,-118.60343999999999,2016-08-04
100.0,Stanislaus,0.0,0.0,2016-08-03
100.0,Monterey,35.85093,-120.81081,2016-07-22
100.0,San Diego,32.9612,-116.7945,2016-07-18
95.0,San Benito,5487.0,-120.841536,2016-07-09
91.0,Butte,39.33035,-121.78973,2016-05-27
88.0,Butte,39.79547,-121.71661999999999,2016-08-26
88.0,Tehama,40.07846,-122.2071,2016-07-01
88.0,Placer,38.86804,-121.37704,2016-06-21
87.0,Sacramento,38.517771999999994,-121.103642,2016-07-10
86.0,San Luis Obispo,35.70821,-120.82266000000001,2016-06-27
85.0,Madera,37.3228,-119.7738,2016-08-04
85.0,Tuolumne,37.927613,-120.52883600000001,2016-05-30
84.0,Yolo,38.8866,-122.04726000000001,2016-07-15
83.0,Calaveras,0.0,0.0,2016-06-15
83.0,San Benito,36.499140000000004,-121.04993,2016-06-12
80.0,Tehama,40.19611,-122.26736000000001,2016-08-03
80.0,Madera,0.0,0.0,2016-07-21
80.0,Tehama,39.7947,-121.85700000000001,2016-06-11
78.0,Ventura,36.92244,-119.39618999999999,2016-07-13
75.0,Shasta,40.68192,-122.4096,2016-09-10
70.0,Fresno,36.6543,-119.5327,2016-09-23
70.0,Monterey,36.2833,-121.3306,2016-06-18
70.0,San Diego,33.41639,-117.08828999999999,2016-05-31
69.0,Lake,39.0863,-122.7891,2016-07-19
65.0,Napa,38.40958,-122.43172,2016-10-10
61.0,Kern,35.77135,-120.251,2016-06-11
57.0,Solano,38.33475,-122.02564,2016-07-22
57.0,Calaveras,37.98171,-120.64241000000001,2016-07-21
56.0,Siskiyou,0.0,0.0,2016-05-19
52.0,Monterey,36.1934,-120.9293,2016-06-23
50.0,Mendocino,39.7299,-123.5044,2016-09-10
50.0,San Bernardino,34.3183,-117.3189,2016-09-07
50.0,El Dorado,38.79549,-121.00299,2016-07-22
50.0,Ventura,0.0,0.0,2016-04-28
49.0,Butte,39.43351,-121.6051,2016-06-21
47.0,Nevada,39.20427,-121.05948000000001,2016-09-17
47.0,Orange,33.578720000000004,-117.77395,2016-06-26
45.0,Amador,38.5212,-120.8416,2016-09-23
45.0,Lake,36.099740000000004,-120.51057,2016-08-09
45.0,Ventura,34.27619,-118.63264,2016-07-01
43.0,Tehama,39.93965,-122.40142,2016-06-21
43.0,Kern,0.0,0.0,2016-05-30
42.0,Lassen,0.0,0.0,2016-07-30
40.0,Sacramento,38.558,-121.1309,2016-09-11
40.0,Riverside,0.0,0.0,2016-08-28
40.0,Contra Costa,38.012640000000005,-122.1885,2016-07-24
38.0,Nevada,39.39051,-120.51886999999999,2016-09-07
38.0,Madera,37.24006,-119.4741,2016-07-29
36.0,Mendocino,39.8748511,-123.42670109999999,2016-08-30
36.0,Lake,38.68403,-122.26015,2016-08-09
35.0,San Diego,33.22558,-117.14546999999999,2016-08-10
35.0,Shasta,40.61213,-122.47091,2016-08-09
35.0,Butte,0.0,0.0,2016-07-28
35.0,Calaveras,37.96311,-120.67335,2016-07-12
33.0,Calaveras,38.22017,-120.8678,2016-06-27
32.0,Siskiyou,41.6314,-122.7933,2016-09-12
32.0,Tuolumne,37.81434,-120.69521,2016-07-30
32.0,Sacramento,38.3131,-121.06452,2016-06-03
30.0,Butte,39.8851,-121.6998,2016-09-16
30.0,Inyo,36.58972,-118.15588999999999,2016-07-01
30.0,San Benito,36.80296,-121.40303999999999,2016-06-03
30.0,Butte,39.624016999999995,-121.59509299999999,2016-05-29
30.0,Merced,37.2171,-121.08036000000001,2016-04-24
28.0,San Diego,33.254355,-117.158475,2016-11-13
28.0,San Diego,33.00056,-116.9571,2016-07-22
26.0,Amador,38.2581,-120.8657,2016-08-05
26.0,Siskiyou,41.961909999999996,-122.59328000000001,2016-07-19
25.0,Santa Clara,37.11831,-121.69783999999999,2016-09-01
25.0,Santa Clara,37.06531,-121.68576999999999,2016-08-12
25.0,El Dorado,0.0,0.0,2016-08-06
25.0,Lake,0.0,0.0,2016-07-29
25.0,El Dorado,38.64107,-120.6955,2016-06-03
25.0,Monterey,35.8378273,-121.0381507,2016-05-12
24.0,Shasta,40.61388,-122.46777,2016-06-11
23.0,Humboldt,40.4572,-124.05803999999999,2016-08-11
23.0,Siskiyou,41.71847,-122.36923999999999,2016-07-21
21.0,Humboldt,40.9878,-123.77832,2016-08-12
20.0,San Bernardino,34.25858,-117.4415,2016-09-03
20.0,Lake,39.1408865,-122.9148951,2016-08-30
20.0,Ventura,0.0,0.0,2016-05-12
19.0,Amador,0.0,0.0,2016-08-30
15.0,Ventura,33.11645,-116.58542,2016-07-11
11.0,Tehama,0.0,0.0,2016-07-25
11.0,Shasta,0.0,0.0,2016-05-25
10.0,Tulare,36.217,-118.551,2016-10-20
0.0,Alpine,38.575540000000004,-120.00606,2016-08-18
0.0,Los Angeles,0.0,0.0,2016-07-22
0.0,San Luis Obispo,35.01382,-119.58206000000001,2016-06-04
0.0,Los Angeles,0.0,0.0,2016-06-04
0.0,Tulare,35.84883,-118.08591000000001,2016-06-01
0.0,Los Angeles,34.6888731,-118.78925929999998,2016-04-19
281893.0,Santa Barbara,34.415209999999995,-119.09123999999998,2017-12-04
281893.0,Ventura,34.415209999999995,-119.09123999999998,2017-12-04
83733.0,Lassen,40.07045,-120.14013,2017-07-11
83120.0,Modoc,0.0,0.0,2017-07-24
81826.0,Mariposa,37.61757,-120.21321,2017-07-16
78698.0,Siskiyou,41.841,-123.47399999999999,2017-08-15
56556.0,Napa,38.4041,-122.5209,2017-10-08
56556.0,Sonoma,38.4041,-122.5209,2017-10-08
51624.0,Napa,38.39206,-122.24367,2017-10-08
51624.0,Solano,38.39206,-122.24367,2017-10-08
48889.0,Kings,35.93273,-120.20013999999999,2017-07-09
39715.0,Siskiyou,42.038999999999994,-123.21799999999999,2017-08-14
36807.0,Napa,38.60895,-122.62879,2017-10-08
36807.0,Sonoma,38.60895,-122.62879,2017-10-08
36556.0,Tulare,36.15356,-118.74103000000001,2017-08-29
36523.0,Mendocino,39.24873,-123.16635,2017-10-08
28687.0,San Luis Obispo,35.0179,-120.3223,2017-07-06
27276.0,Siskiyou,41.59,-123.501,2017-07-26
21846.0,Trinity,40.76025,-123.10003,2017-08-30
18900.0,Tulare,36.27138,-118.48555,2017-09-27
18618.0,Lassen,40.69573,-119.93498999999998,2017-08-30
18430.0,Santa Barbara,34.550959999999996,-119.9494,2017-07-08
17357.0,Sonoma,38.76549,-122.90938999999999,2017-10-09
16031.0,Tulare,0.0,0.0,2017-06-24
15619.0,Los Angeles,34.31283,-118.35863,2017-12-05
13417.0,Trinity,40.2275,-123.03583,2017-09-12
12407.0,Madera,37.44663,-119.64622,2017-08-29
10343.0,Fresno,36.12089,-120.37116,2017-05-18
9989.0,Yuba,39.321979999999996,-121.4021,2017-10-08
9217.0,Orange,33.87041,-117.70975,2017-10-09
8925.0,Mono,38.655,-119.55425,2017-08-29
8417.0,Butte,39.624959999999994,-121.52966,2017-10-08
8094.0,Mariposa,37.644,-119.618,2017-08-01
7697.0,Modoc,41.466,-120.321,2017-08-03
7194.0,Los Angeles,34.22957,-118.2674,2017-09-01
7000.0,Mariposa,37.538000000000004,-119.598,2017-08-14
6309.0,Riverside,33.530045,-116.594422,2017-06-26
6151.0,Butte,39.39455,-121.40613,2017-10-09
6049.0,Los Angeles,34.45283,-118.58188,2017-12-05
6042.0,Lassen,40.43962,-120.22215,2017-08-29
6033.0,Butte,39.453520000000005,-121.41221999999999,2017-07-07
5738.0,Fresno,36.07228,-120.26561000000001,2017-04-20
5247.0,Stanislaus,38.329,-119.78200000000001,2017-07-31
4736.0,Trinity,40.175979999999996,-123.36882,2017-08-07
4310.0,Plumas,39.9034,-120.9761,2017-07-29
4100.0,San Diego,33.3237,-117.163,2017-12-07
4016.0,Butte,39.577009999999994,-121.30208999999999,2017-08-29
3874.0,Riverside,33.974709999999995,-117.09983999999999,2017-09-02
3142.0,Siskiyou,41.853,-123.676,2017-08-07
2940.0,Kern,35.77896,-118.89627,2017-07-07
2662.0,Orange,33.8668,-117.68598,2017-09-25
2575.0,Plumas,39.75312,-120.75485,2017-09-05
2312.0,Kings,36.05187,-120.05403999999999,2017-08-24
2295.0,Tulare,36.257,-118.296,2017-08-02
2289.0,Tulare,36.0226,-118.94252,2017-07-30
2269.0,Yolo,38.49521,-122.0251,2017-07-06
2207.0,Lake,39.013870000000004,-122.64543,2017-10-08
2056.0,San Diego,32.65597,-116.80527,2017-05-20
1868.0,Sonoma,0.0,0.0,2017-10-09
1816.0,Monterey,35.86949,-120.57893999999999,2017-07-08
1816.0,San Luis Obispo,35.86949,-120.57893999999999,2017-07-08
1800.0,Merced,36.96655,-120.89261,2017-05-12
1749.0,Stanislaus,38.12,-119.941,2017-09-03
1660.0,Sonoma,38.14242,-122.47301000000002,2017-10-09
1649.0,Fresno,35.959109999999995,-120.55578999999999,2017-07-17
1626.0,Kern,35.59904,-119.08312,2017-07-06
1598.0,San Luis Obispo,35.4025,-120.4992,2017-06-26
1538.0,Fresno,36.269125,-120.620791,2017-07-02
1522.0,Kern,35.53456,-118.66733,2017-06-18
1503.0,San Bernardino,34.2976,-116.82600000000001,2017-06-19
1431.0,Madera,37.0825,-119.8011,2017-06-10
1350.0,Kern,35.543,-118.654,2017-07-30
1350.0,Riverside,34.00566,-117.30693000000001,2017-04-30
1319.0,Kern,35.76,-118.406,2017-09-01
1286.0,Sacramento,38.5181,-121.104,2017-07-26
1200.0,Kern,35.382979999999996,-118.80123,2017-06-30
1088.0,San Diego,33.402411,-117.402445,2017-10-17
1083.0,Kern,34.94373,-119.44751000000001,2017-07-18
1044.0,Riverside,33.98212,-117.30819,2017-08-13
1035.0,Madera,37.216159999999995,-119.48066999999999,2017-09-03
1020.0,Plumas,39.75371,-120.1397,2017-08-06
1000.0,San Diego,33.34988,-117.39818000000001,2017-05-25
995.0,Shasta,40.98352,-121.81623,2017-09-12
976.0,Fresno,36.530836,-120.20659199999999,2017-04-28
900.0,Mendocino,39.30125,-123.28825,2017-07-16
867.0,Yuba,39.1234,-121.32956999999999,2017-08-20
866.0,Riverside,33.602470000000004,-117.34192,2017-10-26
859.0,Lassen,39.888000000000005,-120.066,2017-08-06
821.0,Nevada,39.245490000000004,-121.12791999999999,2017-10-09
800.0,Los Angeles,34.55607,-118.60703000000001,2017-06-17
775.0,San Luis Obispo,35.7908,-120.77485,2017-08-11
760.0,Los Angeles,34.37443,-118.49343,2017-06-25
747.0,Sierra,39.439721999999996,-120.027222,2017-07-10
690.0,Tuolumne,37.905545000000004,-120.40813500000002,2017-07-29
680.0,Mariposa,37.37397,-119.83556000000002,2017-09-03
670.0,San Bernardino,34.14575,-117.17813000000001,2017-06-27
630.0,Mariposa,37.3762,-119.9646,2017-06-28
562.0,Modoc,41.85763,-121.29581,2017-06-28
545.0,Riverside,33.950359999999996,-116.88066,2017-08-14
530.0,Lassen,41.119890000000005,-120.74968,2017-08-06
506.0,Kern,35.4605,-118.85896000000001,2017-05-20
486.0,San Diego,33.3906,-117.32348,2017-05-19
469.0,Siskiyou,41.3975,-122.8428,2017-07-05
460.0,San Luis Obispo,35.40357,-120.28036999999999,2017-08-02
460.0,San Bernardino,34.09773,-117.10566999999999,2017-07-14
450.0,Fresno,36.616986,-120.36934699999999,2017-06-11
444.0,Santa Barbara,34.67403,-120.4393,2017-09-29
429.0,Madera,37.14624,-120.01550900000001,2017-09-18
426.0,El Dorado,38.848,-120.287,2017-10-13
422.0,Los Angeles,34.09454,-118.48178,2017-12-06
416.0,Tulare,36.22265,-119.06598000000001,2017-07-20
410.0,Modoc,41.72163,-121.30451000000001,2017-07-13
400.0,San Diego,32.84796,-116.85396000000001,2017-07-11
400.0,Fresno,36.45491,-120.2445,2017-05-10
392.0,Nevada,39.34292,-121.12003999999999,2017-08-30
391.0,Santa Cruz,37.18356,-122.07011999999999,2017-10-16
380.0,Modoc,41.167159999999996,-120.58341999999999,2017-04-03
370.0,Mono,38.46111,-119.48284,2017-11-13
370.0,Contra Costa,38.02929,-122.25544,2017-07-08
357.0,Fresno,36.27306,-120.65185,2017-06-23
340.0,San Luis Obispo,35.42433,-120.47322,2017-07-09
339.0,Tulare,36.458090000000006,-118.87676,2017-06-07
338.0,Kern,34.92907,-118.9267,2017-08-10
325.0,San Bernardino,34.084920000000004,-117.03826000000001,2017-08-03
319.0,Del Norte,41.478,-123.506,2017-07-19
300.0,Riverside,33.59257,-117.14979,2017-12-07
288.0,Kern,35.41283,-118.84466,2017-05-15
260.0,San Bernardino,34.16564,-117.33333999999999,2017-12-05
255.0,San Diego,33.34659,-116.66107,2017-07-22
245.0,San Luis Obispo,35.122690000000006,-120.39386999999999,2017-09-20
237.0,Fresno,36.24653,-120.31598000000001,2017-09-19
236.0,El Dorado,38.538332000000004,-121.039267,2017-07-30
231.0,Contra Costa,37.87808,-121.78676999999999,2017-07-08
225.0,Mariposa,37.4591,-119.921,2017-07-02
225.0,San Luis Obispo,35.34541,-120.76463999999999,2017-05-18
225.0,San Luis Obispo,35.21177,-119.87525,2017-05-15
206.0,Kern,35.598040000000005,-118.47939,2017-06-10
205.0,Riverside,33.853229999999996,-117.48195,2017-07-04
200.0,Lake,39.44543,-122.85193999999998,2017-09-12
200.0,Alameda,37.725429999999996,-121.90516000000001,2017-08-22
200.0,San Diego,32.65003,-116.42907,2017-08-21
200.0,Riverside,33.689091999999995,-117.396404,2017-07-31
194.0,Tehama,40.02261,-121.91425,2017-10-26
190.0,Santa Barbara,34.9465,-119.8036,2017-05-20
186.0,Plumas,39.9864,-120.89746000000001,2017-08-20
186.0,Fresno,36.704679,-120.405077,2017-06-11
184.0,Kern,35.3091,-118.70100000000001,2017-10-15
183.0,Kern,35.19008,-118.76151999999999,2017-10-12
180.0,Shasta,40.471059999999994,-122.43608,2017-07-18
170.0,San Bernardino,34.412040000000005,-117.03031000000001,2017-07-23
168.0,Riverside,33.87679,-117.00258000000001,2017-08-19
168.0,Sierra,39.711009999999995,-120.02325,2017-06-19
166.0,Butte,39.37192,-121.53865,2017-07-10
157.0,Lassen,40.80968,-120.48641,2017-08-26
157.0,Madera,37.127590000000005,-120.0193,2017-06-07
155.0,Alameda,37.63358,-121.49925,2017-09-19
155.0,Siskiyou,41.9808,-121.9741,2017-07-29
153.0,Riverside,33.98639,-117.21314,2017-06-18
150.0,Butte,39.746790000000004,-121.67261,2017-10-09
150.0,San Luis Obispo,35.7751,-120.23656000000001,2017-07-24
150.0,San Luis Obispo,35.6871,-120.3187,2017-06-14
150.0,Madera,36.90967,-119.79315,2017-05-17
150.0,San Bernardino,34.30104,-117.45646,2017-04-30
148.0,Trinity,40.46836,-123.51619,2017-10-14
146.0,Mendocino,39.02482,-123.1362,2017-09-19
143.0,Butte,40.07613,-121.56858000000001,2017-09-28
140.0,El Dorado,38.559707,-120.70013,2017-07-26
136.0,El Dorado,38.5758,-120.915,2017-09-17
135.0,Los Angeles,34.792882,-118.85194299999999,2017-07-28
135.0,Tulare,35.8556,-118.74542,2017-06-13
134.0,Butte,39.69717,-121.75417,2017-06-16
130.0,Calaveras,38.40234,-120.52953000000001,2017-10-09
130.0,San Diego,32.6001,-116.76997,2017-09-01
130.0,San Luis Obispo,35.78286,-120.22646999999999,2017-05-02
128.0,Shasta,40.69554,-122.0122,2017-07-01
126.0,Fresno,36.5355,-120.6585,2017-04-29
125.0,Mariposa,37.62823,-120.30046000000002,2017-08-13
124.0,Tuolumne,37.90014,-120.36005,2017-07-30
122.0,Riverside,34.009026,-117.239099,2017-08-04
120.0,San Luis Obispo,35.31886,-120.50886000000001,2017-09-03
120.0,Riverside,33.882870000000004,-116.99651000000001,2017-05-25
117.0,Calaveras,38.291129999999995,-120.62177,2017-07-17
116.0,Alameda,37.7393,-121.85663000000001,2017-10-17
114.0,Napa,38.493359999999996,-122.2483,2017-08-11
111.0,Fresno,36.93332,-119.43376,2017-08-26
111.0,Butte,39.384159999999994,-121.5786,2017-06-22
105.0,San Luis Obispo,35.3024,-120.65279,2017-09-26
105.0,Riverside,33.950382,-116.884446,2017-06-15
103.0,Butte,39.76243,-121.74121000000001,2017-07-19
102.0,Fresno,36.361129999999996,-120.32685,2017-08-30
101.0,Santa Clara,37.39801,-121.8179,2017-07-11
100.0,San Diego,32.64962,-116.37345,2017-10-21
100.0,Sonoma,38.46123,-122.58152,2017-10-14
100.0,Lake,39.0199,-122.57486999999999,2017-10-14
100.0,Solano,38.43658,-121.97233,2017-10-02
100.0,Santa Clara,36.99092,-121.59898999999999,2017-09-03
100.0,Fresno,36.09486,-120.52188999999998,2017-09-03
100.0,Santa Clara,37.14653,-121.68165,2017-08-11
100.0,San Bernardino,34.19076,-117.26969,2017-07-31
99.0,San Bernardino,34.035344,-116.940661,2017-11-29
92.0,Riverside,33.57139,-116.8247,2017-08-07
91.0,Fresno,36.95104,-119.65621000000002,2017-07-05
91.0,Butte,39.52499,-121.64896999999999,2017-06-06
90.0,Madera,37.09773,-120.02027,2017-07-07
87.0,Lake,39.15016,-122.57600000000001,2017-10-06
86.0,Ventura,34.34949,-119.30918,2017-10-24
85.0,Riverside,117.337331,34.015741999999996,2017-08-31
85.0,Humboldt,40.117940000000004,-123.76098999999999,2017-08-03
85.0,San Bernardino,34.20152,-117.14466000000002,2017-07-22
85.0,Santa Clara,37.3344,-121.71752,2017-06-29
82.0,Monterey,35.86596,-120.64583999999999,2017-08-07
81.0,San Diego,33.38613,-117.46708999999998,2017-10-13
80.0,El Dorado,38.869036,-119.61865,2017-12-28
79.0,Plumas,40.13278,-120.9204,2017-09-03
79.0,Tulare,35.89423,-119.00334,2017-05-31
78.0,Santa Clara,36.96607,-121.55552,2017-07-23
78.0,Tehama,40.38944,-122.13088,2017-06-04
76.0,Nevada,39.19325,-121.08406000000001,2017-10-09
76.0,Fresno,36.8005,-119.35901000000001,2017-06-11
74.0,San Luis Obispo,35.5956,-120.56068,2017-09-26
74.0,El Dorado,38.7803,-120.97111000000001,2017-07-08
74.0,San Bernardino,34.07612,-117.06765,2017-07-07
73.0,San Luis Obispo,35.786159999999995,-120.96513999999999,2017-10-13
72.0,Riverside,33.75526,-117.25075,2017-07-18
70.0,San Luis Obispo,35.4403,-120.2913,2017-08-02
70.0,Colusa,39.012240000000006,-122.20127,2017-07-17
70.0,Santa Clara,37.25014,-121.68562,2017-07-10
70.0,Fresno,36.60736,-120.5828,2017-05-19
69.0,Fresno,36.7279,-119.28241000000001,2017-08-27
68.0,Sacramento,38.337070000000004,-121.11113,2017-06-01
67.0,Lassen,40.03392,-120.1064,2017-06-04
65.0,Stanislaus,37.82934,-120.68992,2017-06-21
63.0,Riverside,33.819759999999995,-117.18552,2017-07-28
63.0,Mariposa,37.36914,-120.0088,2017-06-15
62.0,San Diego,33.20988,-116.46988999999999,2017-08-26
62.0,Lake,38.94599,-122.81135,2017-08-08
62.0,Stanislaus,37.64898,-120.4925,2017-07-08
60.0,Tehama,40.32063,-122.83208,2017-06-18
59.0,Tulare,36.18815,-118.78928,2017-07-17
59.0,Calaveras,38.18303,-120.85322,2017-07-12
58.0,Fresno,36.7528,-119.2288,2017-10-11
58.0,Lake,39.42604,-123.03343999999998,2017-09-12
58.0,Tulare,36.644040000000004,-118.99943999999999,2017-07-18
58.0,San Luis Obispo,35.346,-120.62825,2017-07-07
57.0,Tehama,40.1583,-122.3209,2017-07-28
57.0,Fresno,36.81476,-119.51592,2017-07-04
56.0,Siskiyou,41.93006,-122.36545,2017-06-18
55.0,Solano,38.4446,-122.0041,2017-09-23
55.0,Siskiyou,41.99483,-121.90077,2017-08-29
55.0,Los Angeles,34.03941,-118.58623999999999,2017-06-29
54.0,Siskiyou,41.222,-122.292,2017-08-28
54.0,Siskiyou,41.222,-122.27498999999999,2017-08-28
54.0,Santa Clara,37.334540000000004,-121.76323000000001,2017-06-21
51.0,Santa Clara,37.44485,-121.84108,2017-07-26
50.0,Kern,35.215559999999996,-118.56578,2017-10-26
50.0,Riverside,33.8826,-117.00589,2017-10-23
50.0,Los Angeles,34.22551,-118.05545,2017-10-17
50.0,San Mateo,37.41591,-122.3001,2017-09-11
50.0,Kern,35.70639,-118.47306999999999,2017-08-05
50.0,Santa Barbara,34.72379,-120.13248999999999,2017-07-17
50.0,Yuba,39.06308,-121.303,2017-07-08
50.0,Ventura,34.20599,-118.98603,2017-07-04
50.0,Riverside,33.877390000000005,-117.16215,2017-07-03
50.0,San Diego,33.23281,-117.29508999999999,2017-06-13
48.0,Madera,36.94652,-120.90462,2017-09-20
48.0,Riverside,33.585770000000004,-116.07428999999999,2017-05-28
47.0,San Benito,36.38109,-121.00391,2017-11-25
47.0,San Luis Obispo,35.06472,-120.5634,2017-07-20
46.0,Riverside,33.6444,-117.3968,2017-08-27
46.0,San Bernardino,34.149,-117.189,2017-07-12
46.0,Siskiyou,41.8721,-122.4571,2017-06-06
45.0,Riverside,33.9885,-117.38417,2017-12-21
45.0,San Luis Obispo,35.28738,-120.44448,2017-10-09
45.0,Shasta,40.487120000000004,-121.85645,2017-04-03
44.0,Alameda,37.561809999999994,-121.56425,2017-08-27
43.0,Tehama,39.81517,-122.28165,2017-11-02
43.0,Monterey,36.17297,-120.87608999999999,2017-09-11
42.0,Monterey,35.96275,-121.08753,2017-06-29
42.0,Tehama,40.10282,-122.27378999999999,2017-06-24
42.0,Modoc,41.38247,-120.53443,2017-06-03
41.0,Siskiyou,41.99279,-122.9401,2017-08-13
41.0,Los Angeles,34.104459999999996,-118.70293999999998,2017-06-29
41.0,Kern,35.05076,-118.90003999999999,2017-05-14
40.0,Riverside,33.965140000000005,-117.4764,2017-12-04
40.0,Riverside,33.90327,-116.50151000000001,2017-11-14
40.0,San Bernardino,34.13534,-117.4982,2017-10-24
40.0,Shasta,40.70627,-122.24198999999999,2017-10-08
40.0,Kern,35.59302,-118.46734,2017-09-29
40.0,Del Norte,41.98128,-124.01168,2017-09-12
40.0,Humboldt,41.02705,-123.63721000000001,2017-08-28
40.0,Tehama,40.29831,-122.70448999999999,2017-08-26
40.0,Lake,38.86056,-122.62382,2017-07-17
40.0,Monterey,36.66684,-121.74826000000002,2017-07-16
39.0,Tuolumne,37.896778000000005,-120.50413400000001,2017-09-19
39.0,Yuba,39.065220000000004,-121.3519,2017-07-24
39.0,Solano,38.07481,-122.23003999999999,2017-06-22
38.0,Marin,37.9775,-122.65749,2017-06-27
38.0,Tuolumne,37.85137,-120.45268,2017-06-11
37.0,Shasta,40.774,-122.309,2017-10-31
36.0,Mariposa,37.65963,-120.34801999999999,2017-07-07
36.0,San Diego,33.1683,-116.77342,2017-06-25
35.0,Riverside,33.74925,-117.10301000000001,2017-09-29
35.0,Marin,38.08055,-122.77846000000001,2017-07-12
35.0,Riverside,33.993159999999996,-117.48405,2017-07-04
35.0,Sacramento,38.458220000000004,-120.92161999999999,2017-06-27
35.0,Kern,35.373509999999996,-118.84133999999999,2017-06-09
35.0,Riverside,33.96419,-117.20506999999999,2017-05-21
34.0,San Bernardino,34.21829,-117.40625,2017-12-05
34.0,Riverside,33.73547,-117.33363999999999,2017-09-10
34.0,Humboldt,40.036970000000004,-123.64214,2017-08-31
34.0,San Benito,36.855959999999996,-121.30983,2017-07-04
33.0,Riverside,33.763304,-117.314994,2017-07-07
33.0,Riverside,33.584036,-116.97203600000002,2017-06-13
33.0,Kern,35.60633,-118.4642,2017-06-04
32.0,Trinity,40.804,-123.375,2017-08-02
32.0,Trinity,40.79902,-123.39253000000001,2017-08-02
32.0,Riverside,33.626129999999996,-117.07975,2017-07-13
32.0,Monterey,35.90092,-120.93371,2017-06-16
32.0,Monterey,35.902149,-120.98368400000001,2017-06-11
31.0,Monterey,36.5858,-121.80377,2017-10-15
31.0,Fresno,36.099681,-120.443545,2017-08-23
31.0,Kern,35.60001,-118.4683,2017-05-12
30.0,Los Angeles,34.52055,-118.62881999999999,2017-08-31
30.0,Humboldt,40.27582,-123.64281000000001,2017-08-03
30.0,Riverside,33.968959999999996,-117.25411000000001,2017-07-03
29.0,El Dorado,38.77921,-120.46234,2017-10-10
29.0,Tehama,40.29118,-122.42606,2017-07-08
28.0,Butte,39.8255,-121.7127,2017-09-25
28.0,Modoc,41.4844,-120.36658999999999,2017-08-30
28.0,Del Norte,41.93323,-124.19628999999999,2017-06-26
28.0,Riverside,33.79925,-117.11658999999999,2017-06-15
27.0,Modoc,41.644690000000004,-120.31813999999999,2017-08-30
27.0,Riverside,33.82165,-116.96078999999999,2017-06-03
26.0,Yuba,39.03168,-121.40947,2017-09-26
26.0,Riverside,33.71025,-117.31924,2017-06-18
26.0,Riverside,33.94788,-116.59719,2017-06-01
25.0,San Diego,33.18716,-116.50896999999999,2017-10-15
25.0,San Luis Obispo,35.76343,-121.04445,2017-09-23
25.0,San Diego,32.59252,-116.61608999999999,2017-09-07
25.0,Shasta,40.719229999999996,-122.02525,2017-09-01
25.0,San Diego,32.7789,-116.8516,2017-06-27
25.0,Madera,37.02081,-119.95136000000001,2017-06-18
25.0,Los Angeles,34.29931,-118.37539,2017-06-03
25.0,San Diego,32.679,-116.29296000000001,2017-05-24
23.0,Riverside,33.50488,-117.02131999999999,2017-10-10
22.0,Alameda,37.77982,-122.169,2017-09-26
22.0,Calaveras,38.20176,-120.67848000000001,2017-07-05
22.0,Napa,38.68347,-122.2654,2017-06-13
21.0,San Luis Obispo,35.411120000000004,-120.00353,2017-10-20
21.0,Lake,39.01748,-122.49327,2017-09-05
21.0,Tulare,36.108579999999996,-118.81979,2017-07-05
21.0,Butte,39.364000000000004,-121.4143,2017-06-22
21.0,Shasta,0.0,0.0,2017-06-13
21.0,San Benito,36.355779999999996,-120.99552,2017-05-22
20.0,Humboldt,40.88516,-123.96843999999999,2017-10-08
20.0,Sonoma,38.51937,-123.24713,2017-10-07
20.0,Tehama,40.20077,-122.24731000000001,2017-10-03
20.0,Tuolumne,37.659859999999995,-120.31156999999999,2017-08-01
20.0,San Bernardino,34.139,-117.199,2017-07-22
20.0,Mendocino,39.13207,-123.10226999999999,2017-07-17
20.0,Riverside,33.52584,-116.85226000000002,2017-06-13
20.0,Contra Costa,37.86549,-122.2102,2017-06-05
20.0,Kings,35.983000000000004,-119.91508,2017-05-18
20.0,Monterey,35.77082,-120.92482,2017-05-14
19.0,Riverside,33.88994,-116.91023,2017-12-13
19.0,Nevada,39.06414,-121.13736999999999,2017-10-10
19.0,Riverside,33.797216,-117.12453799999999,2017-08-13
19.0,Humboldt,40.39799,-123.57562,2017-08-01
19.0,Stanislaus,37.81827,-120.65763999999999,2017-07-18
19.0,Siskiyou,40.703775,-122.64507900000001,2017-06-26
19.0,Kern,35.717040000000004,-118.30601000000001,2017-05-01
18.0,Sonoma,38.26294,-122.71998,2017-08-27
18.0,Butte,39.53944,-121.54722,2017-07-04
18.0,Fresno,36.61332,-120.7109,2017-05-28
18.0,Monterey,36.1727,-120.86681999999999,2017-05-16
17.0,Mariposa,37.41231,-119.87465,2017-10-03
17.0,Shasta,40.92602,-121.5935,2017-08-17
17.0,Shasta,40.69259,-122.17383999999998,2017-07-29
17.0,San Luis Obispo,35.556667,-120.47399999999999,2017-05-20
17.0,Monterey,36.2771,-120.94328,2017-05-17
17.0,Riverside,33.88466,-116.99229,2017-05-14
16.0,Kern,35.188,-119.2877,2017-06-02
16.0,San Bernardino,34.04412,-116.55326000000001,2017-05-29
16.0,Fresno,36.96642,-119.58292,2017-05-28
15.0,Tehama,39.87983,-122.5415,2017-08-10
15.0,Nevada,39.16826,-120.95498,2017-07-27
15.0,Modoc,41.455890000000004,-120.56933000000001,2017-07-17
15.0,Monterey,35.946999999999996,-120.87491999999999,2017-06-28
15.0,Calaveras,38.199059999999996,-120.83483999999999,2017-05-28
15.0,Riverside,33.56777,-116.08003000000001,2017-04-13
14.0,Santa Barbara,34.71796,-120.27077,2017-12-16
14.0,Santa Barbara,34.605358,-120.414875,2017-12-14
14.0,Butte,39.8629,-121.6268,2017-07-02
14.0,Monterey,35.80375,-120.52508,2017-06-09
14.0,Riverside,33.97155,-117.44148,2017-05-18
13.0,Stanislaus,37.89532,-120.84748,2017-10-18
13.0,El Dorado,38.69775,-120.73756999999999,2017-07-25
13.0,El Dorado,38.67474,-121.06088000000001,2017-07-12
13.0,San Bernardino,34.304722,-117.3125,2017-07-04
12.0,Butte,39.44257,-121.60683,2017-09-12
12.0,San Diego,0.0,0.0,2017-06-04
12.0,San Luis Obispo,35.6879,-120.3317,2017-05-07
12.0,Riverside,33.7866,-117.5048,2017-04-30
12.0,Merced,37.21812,-121.07761,1969-12-31
11.0,Sonoma,38.702890000000004,-122.90217,2017-07-31
11.0,Riverside,33.913089,-117.09623300000001,2017-07-02
10.0,Tehama,40.247890000000005,-122.255,2017-10-08
10.0,Mariposa,37.768879999999996,-120.15846,2017-09-20
10.0,Fresno,37.10067,-119.32108999999998,2017-09-11
10.0,Amador,38.34421,-120.72273999999999,2017-08-28
10.0,Los Angeles,34.23925,-117.85181999999999,2017-08-03
10.0,Nevada,39.36902,-120.97586000000001,2017-07-21
10.0,Shasta,40.48972,-122.38618999999998,2017-07-15
10.0,Riverside,33.77896,-117.24091000000001,2017-07-13
10.0,Butte,39.50475,-121.33785,2017-07-12
10.0,Riverside,33.91806,-116.99321,2017-07-03
10.0,Nevada,39.08382,-121.06656000000001,2017-07-02
10.0,Riverside,33.90965,-116.9669,2017-06-18
10.0,Riverside,117.138741,33.939428,2017-06-16
10.0,Kern,35.564124,-118.79651299999999,2017-06-05
10.0,Riverside,33.87107,-116.88096999999999,2017-06-04
10.0,Yuba,39.23205,-121.376,2017-05-29
10.0,Kern,34.87128,-118.35296000000001,2017-05-28
10.0,Riverside,33.94673,-117.17773000000001,2017-05-23
10.0,Monterey,36.44141,-121.34695,2017-04-24
0.0,Sonoma,38.36685,-122.64001,2017-10-09
0.0,Napa,38.318020000000004,-122.39052,2017-10-08
0.0,Mariposa,37.73596,-119.78256,2017-09-07
0.0,Siskiyou,41.702,-123.508,2017-07-25
0.0,Modoc,41.338,-120.304,2017-07-23
0.0,Glenn,39.75425,-122.17657,2017-07-19
0.0,Lassen,40.6361,-120.9643,2017-07-06
0.0,Siskiyou,41.86609,-122.73031,2017-07-04
0.0,San Diego,33.43513,-117.58252,2017-06-28
0.0,Siskiyou,41.841,-123.47399999999999,2017-06-25
0.0,Tulare,36.51912,-119.50606,2017-06-23
0.0,San Luis Obispo,35.85253,-120.80411000000001,2017-05-19
0.0,Butte,39.51158,-121.55633,2017-02-07
410203.0,Colusa,39.243283,-123.10336699999999,2018-07-27
410203.0,Glenn,39.243283,-123.10336699999999,2018-07-27
410203.0,Lake,39.243283,-123.10336699999999,2018-07-27
410203.0,Mendocino,39.243283,-123.10336699999999,2018-07-27
229651.0,Shasta,40.65428,-122.62357,2018-07-23
229651.0,Trinity,40.65428,-122.62357,2018-07-23
153336.0,Butte,39.8134,-121.4347,2018-11-08
96949.0,Los Angeles,34.235,-118.70128000000001,2018-11-08
96949.0,Ventura,34.235,-118.70128000000001,2018-11-08
96901.0,Mariposa,37.6549,-119.88581,2018-07-13
90288.0,Napa,38.80583,-122.18183,2018-06-30
90288.0,Yolo,38.80583,-122.18183,2018-06-30
63311.0,Shasta,40.9425,-122.43,2018-09-05
63311.0,Trinity,40.9425,-122.43,2018-09-05
48920.0,Colusa,39.04786,-123.11971000000001,2018-07-27
48920.0,Lake,39.04786,-123.11971000000001,2018-07-27
48920.0,Mendocino,39.04786,-123.11971000000001,2018-07-27
46150.0,Shasta,40.896,-122.219,2018-08-09
39387.0,Modoc,41.38544,-121.04386000000001,2018-08-15
38008.0,Siskiyou,41.893332,-122.534655,2018-07-05
36450.0,Tuolumne,38.349000000000004,-119.929,2018-08-01
23136.0,Orange,33.698879999999996,-117.52055,2018-08-06
18703.0,Lassen,40.633536,-120.86809099999999,2018-07-27
15185.0,Lake,39.0674,-122.59848000000001,2018-06-23
13139.0,Riverside,0.0,0.0,2018-07-25
12300.0,San Joaquin,38.052054999999996,-120.94548200000001,2018-06-29
6974.0,Mono,38.347395,-119.45186000000001,2018-09-04
4564.0,Merced,37.393390000000004,-120.34206999999999,2018-06-15
4531.0,Ventura,34.22685,-118.93444,2018-11-08
4500.0,Solano,0.0,0.0,2018-10-07
4064.0,Madera,37.571,-119.118,2018-06-11
3889.0,Tehama,40.22027778,-122.18,2018-10-07
3716.0,Tehama,40.35068,-121.77866999999999,2018-06-23
3674.0,Humboldt,41.079440000000005,-123.688056,2018-08-16
3380.0,Los Angeles,34.48229,-118.60858,2018-09-22
2995.0,Kings,35.97896,-119.98329,2018-08-06
2956.0,Tehama,39.94355,-122.3571,2018-06-09
2950.0,Kern,35.37444,-118.83556000000002,2018-08-03
2883.0,Inyo,36.6734,-118.21881,2018-07-08
2490.0,Napa,38.69601,-122.44468,2018-09-08
2290.0,Glenn,39.64978,-122.58218000000001,2018-06-09
2225.0,Monterey,35.847778000000005,-120.343056,2018-08-06
2162.0,Solano,38.431278000000006,-122.043747,2018-08-10
2100.0,Modoc,41.29363,-120.11461000000001,2018-07-13
2070.0,Inyo,37.40208,-118.50235,2018-02-18
1900.0,Shasta,40.99344,-121.52225,2018-08-09
1756.0,Merced,36.85156,-120.77206000000001,2018-05-02
1751.0,Trinity,40.616251,-123.52018999999999,2018-09-04
1678.0,Shasta,40.50318,-122.42308,2018-06-24
1500.0,Solano,38.21396,-121.9424,2018-11-08
1500.0,San Luis Obispo,35.736290000000004,-120.75593,2018-06-20
1352.0,Los Angeles,34.5486,-118.31138,2018-06-04
1350.0,San Bernardino,34.095568,-116.95880600000001,2018-07-06
1314.0,San Benito,36.40755,-120.99322,2018-06-04
1265.0,Inyo,36.71537,-118.08448999999999,2018-04-19
1261.0,Riverside,33.62924,-117.05991999999999,2018-05-17
1200.0,Sutter,39.186144,-121.79288500000001,2018-07-31
1120.0,Placer,39.268611,-120.65833300000001,2018-09-03
1014.0,Santa Barbara,35.11416667,-120.09222222,2018-08-19
993.0,Kern,35.387408,-118.81793400000001,2018-07-27
972.0,Mendocino,39.82877,-123.08488999999999,2018-07-31
962.0,Butte,39.77124,-121.76858999999999,2018-07-12
856.0,Tehama,40.33682,-121.93908,2018-07-09
825.0,Amador,38.42623,-120.95408,2018-07-06
822.0,Yolo,38.59694444,-121.99388889,2018-07-18
700.0,Placer,38.824259999999995,-121.451307,2018-08-01
668.0,Tulare,35.79012,-118.7393,2018-08-15
650.0,Monterey,36.00912,-120.82226000000001,2018-08-11
646.0,Lassen,40.3768,-120.36403,2018-06-14
640.0,Alameda,37.75646,-121.60646000000001,2018-07-08
573.0,Tuolumne,37.83388,-120.61746000000001,2018-09-08
550.0,Butte,39.36529,-121.51706999999999,2018-10-30
513.0,San Benito,36.378333000000005,-120.90116699999999,2018-06-04
504.0,San Diego,32.833674,-116.7311,2018-07-06
484.0,Alameda,37.75375,-121.57918000000001,2018-05-30
441.0,Lassen,40.316137,-120.45053,2018-06-27
400.0,Monterey,36.35502,-121.1563,2018-09-13
375.0,Monterey,35.95515,-120.86256000000002,2018-06-26
367.0,Kern,35.51777778,-118.6525,2018-08-18
365.0,San Diego,33.078920000000004,-116.91845,2018-07-27
360.0,Madera,37.387890000000006,-119.68911999999999,2018-09-22
347.0,Butte,39.59872,-121.78208000000001,2018-06-26
338.0,Inyo,37.735461,-118.97044299999999,2018-07-31
328.0,Shasta,40.529090000000004,-122.17456999999999,2018-06-23
320.0,Santa Clara,37.449425,-121.88807,2018-07-22
316.0,El Dorado,38.539806,-121.059979,2018-07-04
300.0,Trinity,40.60402,-122.9144,2018-06-28
300.0,Madera,37.10181,-119.623981,2018-06-04
300.0,San Diego,33.389425,-117.50240500000001,2018-05-04
293.0,Kern,0.0,0.0,2018-05-16
290.0,Calaveras,38.061298,-120.872244,2018-08-06
289.0,Madera,37.197039000000004,-120.002619,2018-08-23
282.0,Riverside,33.836101,-117.607577,2018-07-19
278.0,San Benito,36.65351,-121.0454,2018-07-11
268.0,Contra Costa,37.947140000000005,-121.9921,2018-06-29
268.0,Tehama,40.18395,-122.27573999999998,2018-06-23
265.0,San Diego,32.63046,-116.46673999999999,2018-06-06
261.0,Tehama,40.34256,-121.43025,2018-09-28
260.0,San Luis Obispo,35.33916,-120.71488000000001,2018-06-26
258.0,Santa Barbara,34.0232,-119.76576000000001,2018-03-27
250.0,San Diego,33.076239,-116.90298500000002,2018-08-09
247.0,Contra Costa,37.89612,-121.85847,2018-07-25
224.0,Siskiyou,41.70877,-122.47293,2018-07-15
215.0,Siskiyou,41.085,-123.051,2018-07-01
215.0,San Benito,36.37532,-120.862579,2018-06-12
207.0,San Diego,33.41476,-117.24043999999999,2018-07-28
205.0,Riverside,33.571763,-116.50005800000001,2018-07-26
200.0,Kern,34.91482,-118.92485,2018-09-12
200.0,Merced,37.339240000000004,-120.24315,2018-06-07
191.0,Butte,39.491737,-121.637759,2018-07-04
186.0,Ventura,34.26734825,-118.64381589,2018-11-12
185.0,Merced,37.05876,-121.176354,2018-06-17
175.0,Los Angeles,37.97638,-122.5275,2018-06-09
175.0,Orange,33.551320000000004,-117.72044,2018-06-02
172.0,Santa Barbara,34.576944,-119.61416000000001,2018-09-01
170.0,Tehama,40.12791,-122.19792,2018-06-23
167.0,Monterey,36.18401,-120.69955,2018-10-13
167.0,Lassen,40.34822,-120.82497,2018-07-24
166.0,Los Angeles,34.2325,-117.84611100000001,2018-09-09
163.0,Tuolumne,37.80785,-120.30187,2018-06-24
160.0,Solano,38.45673,-121.94658000000001,2018-10-12
155.0,Shasta,40.36888889,-122.89055556,2018-08-19
155.0,Orange,33.787838,-117.746625,2018-06-11
154.0,Riverside,33.925862,-117.654299,2018-06-12
152.0,Marin,38.02447,-122.727,2018-09-10
150.0,Ventura,34.30166667,-119.09916667,2018-11-15
150.0,Monterey,35.97677,-121.24898,2018-10-02
150.0,El Dorado,38.94388,-120.92611000000001,2018-09-04
147.0,San Bernardino,34.18075,-117.43184,2018-11-13
136.0,Calaveras,38.08424,-120.46078,2018-08-05
135.0,Napa,38.51943,-122.18353,2018-07-28
128.0,Los Angeles,34.380390000000006,-118.60441000000002,2018-07-23
127.0,Glenn,39.46543,-122.65581999999999,2018-06-01
127.0,Siskiyou,41.65935,-122.48556,2018-05-09
125.0,San Bernardino,34.15475,-117.24436599999999,2018-08-31
120.0,Tulare,36.47766,-119.10433,2018-10-24
117.0,Plumas,39.996944,-121.27,2018-08-07
116.0,San Benito,36.59036,-120.82355,2018-07-12
116.0,Santa Clara,37.06367,-121.53586000000001,2018-07-06
115.0,Mariposa,37.707234,-120.19916200000002,2018-06-18
114.0,Kern,35.56888889,-118.80138889,2018-08-16
113.0,Santa Barbara,34.463889,-119.83138899999999,2018-07-06
110.0,Santa Barbara,34.62412,-120.22298,2018-07-20
108.0,Fresno,36.75581,-119.42172,2018-05-26
106.0,Mendocino,38.8802,-123.0496,2018-08-01
103.0,Lake,39.02017,-122.57496,2018-08-26
103.0,Tehama,40.31759,-122.21032,2018-05-18
100.0,San Diego,33.0971179,-117.02425290000001,2018-08-13
100.0,Tulare,36.21634,-118.82988999999999,2018-07-27
100.0,San Bernardino,34.22526,-117.40966999999999,2018-07-06
100.0,San Luis Obispo,35.56922,-120.12441000000001,2018-05-24
96.0,Monterey,35.9352,-121.11936000000001,2018-06-09
95.0,Kern,35.1234,-118.72905,2018-06-29
90.0,Mendocino,39.038859,-123.38493000000001,2018-07-05
89.0,Lassen,40.946659999999994,-121.27049,2018-07-15
88.0,Lassen,40.83116,-120.19336000000001,2018-11-08
88.0,Madera,37.179167,-119.43166699999999,2018-08-27
88.0,Merced,37.056944,-121.01638,2018-05-20
80.0,San Luis Obispo,-120.258,-120.258,2018-09-29
80.0,Lake,39.06715,-122.59788999999999,2018-07-09
80.0,Calaveras,37.95766,-120.68902,2018-06-24
77.0,Santa Barbara,34.54305556,-120.31805556,2018-07-18
76.0,Shasta,40.5939,-122.17173000000001,2018-09-28
76.0,Fresno,36.696878999999996,-119.30449899999999,2018-06-27
75.0,Colusa,39.2976,-122.51201200000001,2018-07-04
75.0,Glenn,39.65578,-122.58666000000001,2018-05-28
73.0,Riverside,33.67815,-117.32281,2018-04-28
70.0,Santa Clara,37.22545,-121.79189,2018-07-10
70.0,Santa Clara,37.660740000000004,-121.67143999999999,2018-06-29
70.0,Tehama,40.394073,-122.135924,2018-06-13
70.0,Riverside,33.504964,-117.148204,2018-05-04
68.0,Merced,37.08529,-121.09353999999999,2018-06-24
67.0,El Dorado,38.645,-120.87416699999999,2018-08-01
67.0,Mendocino,39.279833,-123.258319,2018-07-21
66.0,El Dorado,38.82128,-121.03918,2018-08-01
64.0,San Benito,36.64832,-121.03253000000001,2018-06-04
63.0,Santa Clara,37.1769444,-121.68694444,2018-10-07
63.0,Shasta,40.741186,-122.649626,2018-07-20
63.0,Riverside,33.56349,-116.732032,2018-07-04
63.0,Siskiyou,41.83359,-122.99271999999999,2018-06-27
63.0,Stanislaus,37.32744,-121.10903,2018-05-29
62.0,Kern,34.86022,-118.87881000000002,2018-07-08
62.0,Los Angeles,34.53765,-118.75495,2018-06-23
62.0,San Joaquin,38.24033,-121.09199,2018-06-11
60.0,Tehama,40.346652,-122.308479,2018-11-05
60.0,Lake,38.8275,-122.3625,2018-08-30
60.0,Madera,37.14663,-119.91223000000001,2018-06-15
60.0,San Luis Obispo,35.58354,-120.62413500000001,2018-06-14
60.0,San Luis Obispo,35.663607,-120.67031100000001,2018-06-13
60.0,Santa Barbara,34.74245,-120.18236,2018-05-17
59.0,San Diego,33.35505,-117.03133999999999,2018-05-22
58.0,San Luis Obispo,35.17693,-120.48861000000001,2018-10-19
56.0,Lassen,40.95234,-121.21597,2018-07-15
56.0,Contra Costa,37.79718,-121.85311000000002,2018-07-08
56.0,Madera,37.0979,-119.75307,2018-05-23
53.0,San Bernardino,34.24138,-117.42431,2018-09-26
53.0,Lassen,40.336420000000004,-120.93005,2018-09-22
53.0,Mariposa,37.47677,-119.84298999999999,2018-06-15
52.0,Modoc,41.50105,-120.61108,2018-07-14
51.0,San Luis Obispo,35.30151,-120.64398,2018-09-16
51.0,Shasta,40.824,-121.90215,2018-07-24
51.0,Santa Clara,37.163594,-121.702547,2018-07-10
50.0,Lake,38.91152,-122.86854,2018-07-21
50.0,Tehama,40.27754,-122.11375,2018-07-15
50.0,Monterey,35.96689,-121.28185,2018-02-07
48.0,Alameda,37.699259999999995,-122.02805,2018-08-26
45.0,Contra Costa,37.86339,-122.12351000000001,2018-07-02
45.0,Marin,38.07135,-122.76751000000002,1969-12-31
43.0,Butte,39.57202,-121.43131000000001,2018-07-19
40.0,Riverside,33.56921,-116.154398,2018-07-23
40.0,Mariposa,37.28365,-119.97546000000001,2018-07-19
40.0,Contra Costa,37.779209,-121.908976,2018-06-19
40.0,Butte,39.549167,-121.521111,2018-06-16
39.0,San Benito,36.796,-121.40603999999999,2018-07-25
38.0,Shasta,40.60866,-122.38366,2018-10-14
38.0,San Diego,32.78031,-117.06782,2018-06-03
37.0,San Luis Obispo,35.64917,-120.71907,2018-07-21
37.0,Siskiyou,41.58233,-122.33769,2018-06-03
36.0,Lake,38.981389,-122.97222,2018-09-02
36.0,Riverside,33.640051,-117.08535400000001,2018-08-27
35.0,Mendocino,39.62194,-123.28773999999999,2018-11-08
35.0,Riverside,33.759722,-117.460278,2018-08-06
35.0,Shasta,40.95673,-121.6002,2018-07-29
35.0,San Benito,36.83036,-121.36446000000001,2018-06-03
34.0,Kern,35.17156,-118.51651000000001,2018-08-17
34.0,Alameda,37.711729999999996,-121.55604,2018-07-25
34.0,Tulare,36.42638,-118.70443,2018-07-19
33.0,Butte,39.84151,-121.62168,2018-09-24
33.0,Tehama,40.00293,-122.44008000000001,2018-07-14
33.0,San Bernardino,34.17711,-117.15381000000001,2018-06-30
33.0,Tulare,0.0,0.0,2018-02-18
32.0,Fresno,36.938674,-119.3127769,2018-10-02
32.0,Riverside,33.97902,-117.20533999999999,2018-08-25
32.0,Lassen,41.08583,-121.05722,2018-07-15
32.0,Lake,38.886518,-122.476381,2018-06-16
31.0,Shasta,40.62693,-122.23449,2018-07-08
30.0,Santa Clara,37.33563,-121.75815,2018-09-23
30.0,Contra Costa,37.996179999999995,-122.14097,2018-08-17
30.0,Alameda,37.533026,-121.79733,2018-08-04
30.0,Riverside,33.85852,-117.43521000000001,2018-07-28
30.0,San Luis Obispo,35.685390000000005,-120.95156999999999,2018-07-21
30.0,Sacramento,38.595865,-121.17693,2018-06-29
30.0,Fresno,35.92436,-119.94083,2018-04-12
28.0,San Diego,32.557565999999994,-116.8663,2018-07-17
27.0,Siskiyou,41.791859,-122.513883,2018-05-19
26.0,Tulare,35.826333,-118.9821,2018-05-18
25.0,Riverside,33.80406,-116.93188,2018-09-14
25.0,Contra Costa,38.015322999999995,-121.998967,2018-06-16
25.0,San Luis Obispo,35.71859,-120.64028,2018-05-29
24.0,Lake,38.918420000000005,-122.85276,2018-09-03
23.0,Riverside,33.946896,-117.066643,2018-08-22
23.0,Contra Costa,37.99113,-121.86473000000001,2018-06-02
23.0,Tehama,40.201826000000004,-122.29388,2018-06-01
22.0,Mariposa,37.69965,-120.0545,2018-08-04
21.0,Riverside,33.86439,-117.48143999999999,2018-04-09
20.0,Contra Costa,37.81111,-121.7944,2018-11-15
20.0,Alameda,37.61158,-121.94181999999999,2018-11-14
20.0,Santa Clara,37.07793,-121.600023,2018-07-25
20.0,Alameda,37.627119,-121.806775,2018-06-17
20.0,Riverside,33.524412,-116.821724,2018-06-14
20.0,Butte,39.602703000000005,-121.617698,2018-06-14
20.0,Los Angeles,34.110516,-118.42788600000002,2018-06-12
20.0,Plumas,39.89075,-120.18498999999998,2018-04-26
18.0,San Diego,33.40178,-117.27467,2018-05-09
18.0,Riverside,33.887440000000005,-117.16232,2018-04-22
17.0,Santa Cruz,37.0125,-122.046,2018-11-03
17.0,Amador,38.265645,-120.892404,2018-06-17
17.0,Riverside,33.742,-117.28188999999999,2018-06-03
16.0,Nevada,39.10494,-121.07038999999999,2018-08-12
16.0,Humboldt,41.34453,-123.85404,2018-07-15
16.0,Santa Clara,37.21803,-121.76828,2018-05-27
15.0,Siskiyou,41.940459999999995,-122.43933,2018-10-10
15.0,Modoc,41.521229999999996,-120.72362,2018-09-02
15.0,Riverside,33.467999,-117.00382900000001,2018-05-04
15.0,Riverside,33.711263,-116.16405800000001,2018-04-15
14.0,San Diego,33.05737,-116.77153999999999,2018-08-06
14.0,San Luis Obispo,35.70086,-120.97339,2018-07-17
14.0,Lassen,39.99309,-120.02136999999999,2018-07-14
14.0,Yolo,38.64953,-122.01762,2018-06-01
13.0,Shasta,40.678889,-122.40055600000001,2018-09-04
13.0,San Diego,33.04898,-116.78928,2018-07-20
13.0,Fresno,36.10499,-120.55323999999999,2018-06-02
12.0,Shasta,40.496179999999995,-122.51597,2018-10-14
12.0,El Dorado,38.7448,-120.65671999999999,2018-09-20
12.0,San Bernardino,34.171786,-117.35606000000001,2018-07-13
12.0,Madera,37.227909999999994,-119.50461000000001,2018-07-10
12.0,Marin,37.97638,-122.5275,2018-06-09
12.0,San Diego,33.40769,-117.22973999999999,2018-06-05
12.0,Siskiyou,41.64805,-122.98442,2018-06-04
12.0,San Luis Obispo,35.75737,-120.91793,2018-06-03
12.0,Napa,38.16303,-122.23058999999999,2018-05-21
12.0,Alameda,37.73835,-121.6039,2018-05-14
12.0,San Diego,33.12213,-116.58758999999999,2018-05-10
11.0,Butte,39.66492,-121.51772,2018-07-10
11.0,Madera,37.198170000000005,-119.80413999999999,2018-07-09
11.0,Riverside,33.47413,-117.31468000000001,2018-06-03
11.0,Shasta,40.4635,-121.77418999999999,2018-03-27
10.0,Santa Cruz,37.12857,-122.12036,2018-11-16
10.0,Humboldt,40.888785,-124.00184899999999,2018-11-12
10.0,Butte,39.93427,-121.54103,2018-10-15
10.0,Riverside,33.627006,-117.17173100000001,2018-08-19
10.0,Napa,38.272290000000005,-122.26388999999999,2018-08-09
10.0,Siskiyou,41.632373,-122.37985,2018-07-17
10.0,San Diego,32.619855,-116.764733,2018-07-06
10.0,Butte,39.6139,-121.954098,2018-06-29
10.0,San Luis Obispo,35.05747,-120.39295,2018-06-21
10.0,Monterey,35.77017,-120.57833000000001,2018-06-19
10.0,Sonoma,38.245151,-122.44408,2018-06-05
10.0,San Diego,32.75072,-116.92403999999999,2018-06-03
10.0,Tehama,39.80827,-122.3307,2018-06-03
10.0,Riverside,33.450140000000005,-117.22215,2018-06-02
10.0,Riverside,33.53924,-116.10231,2018-05-28
0.0,Butte,39.71217,-121.77385,2018-11-29
0.0,Humboldt,40.70258,-123.55011999999999,2018-04-24
0.0,Santa Barbara,0.0,0.0,2018-01-09
0.0,Ventura,0.0,0.0,2018-01-09
1806.0,Ventura,34.282179,-118.803389,2019-10-30
1300.0,Mariposa,37.536069,-120.17701799999999,2019-08-16
1011.0,Riverside,33.9925,-117.05916699999999,2019-10-10
605.0,Tehama,40.001709999999996,-122.25421000000001,2019-10-27
494.0,Riverside,34.01778,-117.4625,2019-10-30
355.0,Placer,38.838992,-121.325842,2019-11-25
289.0,Monterey,35.790690000000005,-120.73102,2019-10-09
289.0,San Luis Obispo,35.790690000000005,-120.73102,2019-10-09
149.0,Mariposa,37.241427,-120.027731,2019-07-21
137.0,Fresno,36.319291,-120.46018899999999,2019-10-18
107.0,Lassen,40.900458,-121.320838,2019-08-07
75.0,Riverside,33.8615,-116.897333,2019-10-10
40.0,Contra Costa,37.828267,-122.103867,2019-10-10
37.0,San Diego,33.259861,-117.02733300000001,2019-10-25
35.0,Alameda,37.62782,-121.68598,2019-10-24
35.0,Stanislaus,37.420988,-121.371276,2019-07-18
30.0,Shasta,40.463936,-122.435492,2019-07-12
27.0,Calaveras,38.115224,-120.78068,2019-07-18
26.0,San Bernardino,34.202883,-116.4449,2019-08-03
25.0,San Diego,32.794768,-116.839743,2019-07-17
22.0,El Dorado,38.538467,-120.96510500000001,2019-09-29
22.0,Alameda,37.093243,-121.586846,2019-07-12
15.0,Contra Costa,38.045866,-122.245186,2019-10-15
12.0,Riverside,33.463991,-116.914799,2019-08-27
10.0,Mendocino,39.613783000000005,-123.45878200000001,2019-10-04
10.0,Santa Cruz,37.178353,-122.07743,2019-09-03
77758.0,Sonoma,38.792458,-122.78005300000001,2019-10-23
54612.0,Plumas,40.061389,-120.68055600000001,2019-09-04
14217.0,Modoc,41.79591,-121.260305,2019-07-28
10296.0,Inyo,37.034,-118.345,2019-09-06
9999.0,Ventura,34.302212,-118.997115,2019-10-31
8838.0,Tehama,40.12,-122.64,2019-09-05
8799.0,Los Angeles,34.329879999999996,-118.48161,2019-10-10
5737.0,Modoc,41.748000000000005,-121.056,2019-09-06
5563.0,Mariposa,37.604638,-119.96606000000001,2019-10-06
5332.0,Tehama,40.109,-122.789,2019-09-05
4840.0,Mono,37.826,-118.87200000000001,2019-09-06
4615.0,Los Angeles,34.472778000000005,-118.36805600000001,2019-10-24
3435.0,El Dorado,38.724000000000004,-120.145,2019-10-11
3380.0,Lassen,40.593,-120.581,2019-08-28
3126.0,Santa Barbara,34.5025,-119.785,2019-11-25
2546.0,Monterey,36.284259999999996,-120.94771000000001,2019-06-26
2534.0,Tehama,40.036379,-122.637837,2019-11-03
2512.0,Yolo,38.88978,-122.23921999999999,2019-06-08
2500.0,Kern,35.72057,-119.62762,2019-05-07
2438.0,Lassen,39.892222,-120.02972199999999,2019-08-24
2422.0,Stanislaus,37.46577,-121.28312,2019-06-26
1975.0,Inyo,36.284,-118.228,2019-09-06
1926.0,Riverside,33.528469,-117.27315700000001,2019-09-04
1872.0,Siskiyou,41.862237,-122.66225800000001,2019-09-07
1764.0,San Luis Obispo,35.66318,-120.41128,2019-06-12
1507.0,Mexico,32.573437,-116.65873500000001,2019-08-16
1350.0,Sutter,39.28926,-121.85906000000001,2019-06-08
1301.0,State of Oregon,42.033,-122.175,2019-08-09
1165.0,State of Nevada,39.631945,-119.76988100000001,2019-07-13
1127.0,San Luis Obispo,35.343761,-119.91371699999999,2019-06-05
1020.0,Lassen,40.943799,-120.27529799999999,2019-08-08
974.0,San Luis Obispo,35.63111111,-120.26916667,2019-07-08
835.0,San Luis Obispo,35.307590000000005,-119.96498000000001,2019-05-29
757.0,Contra Costa,37.908362,-121.872941,2019-08-03
756.0,Tulare,36.40193,-119.030621,2019-08-31
745.0,Los Angeles,34.098191,-118.47871699999999,2019-10-28
703.0,Mendocino,39.224309999999996,-123.12886999999999,2019-10-27
604.0,Placer,38.751647999999996,-121.43263600000002,2019-09-20
600.0,Shasta,40.715556,-122.24194399999999,2019-08-22
600.0,Stanislaus,37.259879999999995,-121.09375,2019-06-07
526.0,Napa,38.165873,-122.211671,2019-10-06
525.0,Riverside,33.919507,-117.103765,2019-06-21
520.0,Riverside,33.4853,-117.043723,2019-09-14
496.0,Butte,39.45296,-121.41261899999999,2019-09-07
448.0,San Diego,32.575556,-117.02666699999999,2019-08-01
448.0,Kern,35.60989,-118.41203999999999,2019-07-31
423.0,Mariposa,37.532028000000004,-120.208019,2019-08-15
420.0,Santa Barbara,34.484722,-120.19083300000001,2019-10-17
381.0,Tulare,36.150999999999996,-118.185,2019-09-06
350.0,Riverside,33.975405,-117.20706799999999,2019-10-10
328.0,Riverside,33.985972,-117.414111,2019-10-31
316.0,Monterey,35.908333,-120.984167,2019-07-29
300.0,Butte,39.622137,-121.693472,2019-09-28
283.0,San Joaquin,37.632059999999996,-121.53838200000001,2019-07-03
280.0,Trinity,41.150392,-122.63410800000001,2019-09-07
280.0,Monterey,36.008889,-121.466944,2019-07-30
279.0,Ventura,34.71011,-119.3547,2019-09-01
263.0,Lassen,40.679318,-120.39276799999999,2019-07-05
260.0,Lassen,44.733999999999995,-120.60600000000001,2019-09-06
257.0,Tulare,36.18479,-118.99229,2019-06-02
250.0,Riverside,33.9369,-117.3063,2019-09-07
244.0,Trinity,40.062304,-123.222196,2019-09-05
244.0,Mariposa,37.524378000000006,-120.29655100000001,2019-07-08
240.0,Alameda,37.708743,-121.841879,2019-08-09
227.0,Siskiyou,41.492974200000006,-123.2129356,2019-09-07
225.0,Mendocino,39.005262,-123.195306,2019-08-12
220.0,San Luis Obispo,35.214364,-120.45588300000001,2019-09-21
214.0,Riverside,33.911,-116.980528,2019-06-29
213.0,Madera,37.016944,-119.93416699999999,2019-07-15
210.0,Merced,37.312877,-120.242411,2019-06-29
210.0,Santa Clara,37.21638,-121.70768000000001,2019-06-09
208.0,Kern,34.900833299999995,-118.91833329999999,2019-07-21
207.0,Siskiyou,39.28926,-121.85906000000001,2019-06-17
202.0,Stanislaus,37.944751000000004,-120.84371999999999,2019-07-15
200.0,San Bernardino,34.183,-117.285,2019-10-31
200.0,Contra Costa,37.99136,-121.64118,2019-10-27
200.0,Ventura,34.23955,-119.20187,2019-10-11
200.0,San Diego,32.787656,-116.806941,2019-09-24
200.0,Santa Barbara,34.630919,-120.18736799999999,2019-09-09
193.0,Lassen,40.072739,-120.158273,2019-07-14
190.0,Stanislaus,37.32585,-121.110146,2019-09-11
190.0,Monterey,35.95191,-120.8092,2019-07-09
183.0,Solano,38.158333,-122.118889,2019-07-24
172.0,Kern,35.03855,-119.19453999999999,2019-05-03
167.0,Riverside,33.635,-116.801111,2019-09-15
167.0,San Benito,36.600167,-120.8405,2019-09-02
161.0,Kings,35.81778,-120.09715,2019-04-28
156.0,Shasta,40.484328999999995,-122.159393,2019-08-15
156.0,Los Angeles,34.677864,-118.75239499999999,2019-08-03
156.0,San Bernardino,33.997528,-117.76976599999999,2019-07-28
155.0,Tulare,36.28001,-119.10973999999999,2019-06-01
150.0,Contra Costa,38.03545,-122.2241,2019-10-27
150.0,San Diego,32.767649,-116.79603200000001,2019-07-28
148.0,Placer,38.738170000000004,-121.39419,2019-06-26
145.0,San Bernardino,34.183624,-117.274276,2019-10-24
144.0,Santa Clara,37.45899,-121.22093000000001,2019-05-30
140.0,Solano,38.07205,-122.22463,2019-10-27
139.0,Alameda,37.71734,-121.55866999999999,2019-08-21
131.0,Lassen,40.562,-120.544,2019-08-24
131.0,Ventura,34.366111,-118.96,2019-07-14
130.0,Lassen,40.886677,-120.336977,2019-08-07
130.0,Mendocino,39.831762,-123.84601299999999,2019-07-27
130.0,Riverside,33.650237,-116.17253400000001,2019-05-18
128.0,Santa Clara,37.467744,-121.842751,2019-09-21
128.0,Modoc,41.909,-120.306,2019-07-17
121.0,Fresno,36.669090000000004,-119.3046,2019-05-29
120.0,San Diego,33.396840000000005,-117.29665,2019-06-20
120.0,San Luis Obispo,35.57376,-120.11738000000001,2019-06-10
115.0,Kern,35.65189,-118.92545,2019-04-30
105.0,Los Angeles,34.675542,-118.34223899999999,2019-08-13
103.0,Modoc,41.43783,-120.23976,2019-08-02
100.0,Santa Barbara,34.665699,-119.94973999999999,2019-07-28
100.0,San Diego,32.566389,-116.7525,2019-07-12
98.0,Riverside,33.900994,-117.170588,2019-09-21
97.0,San Diego,33.055124,-116.742508,2019-10-25
96.0,Riverside,33.812837200000004,-117.1228851,2019-07-13
95.0,San Luis Obispo,35.004721999999994,-120.435278,2019-07-24
94.0,Riverside,33.740219,-117.33372800000001,2019-08-05
91.0,Ventura,34.156389000000004,-118.950833,2019-10-10
91.0,Siskiyou,41.749666999999995,-123.00083300000001,2019-09-15
90.0,San Joaquin,37.962557000000004,-121.468074,2019-07-16
90.0,Shasta,40.41404,-122.66779,2019-06-26
85.0,El Dorado,38.898915,-120.946657,2019-09-03
84.0,Sacramento,38.3525,-121.12361100000001,2019-08-02
83.0,Tuolumne,37.838333,-120.625556,2019-09-23
83.0,Siskiyou,41.834365999999996,-122.65656899999999,2019-07-27
81.0,Solano,38.455,-121.969167,2019-08-13
81.0,San Bernardino,34.42386,-117.10318000000001,2019-07-22
81.0,Riverside,33.514658000000004,-116.7884,2019-07-16
80.0,Butte,39.551423,-121.80053799999999,2019-10-24
80.0,Riverside,33.77777348,-117.487578,2019-08-25
80.0,San Diego,32.57394,-116.760465,2019-08-15
80.0,Santa Clara,37.433192,-121.807258,2019-07-24
80.0,Riverside,33.569379999999995,-116.07896000000001,2019-07-12
80.0,Yuba,39.24678,-121.32399,2019-06-25
80.0,Yuba,39.24678,-121.32399,2019-06-24
75.0,Lake,39.100408,-122.496548,2019-11-05
74.0,Santa Clara,37.189040000000006,-121.69496799999999,2019-07-02
70.0,Yuba,39.15641,-121.56363,2019-06-08
68.0,Tehama,39.847708000000004,-122.1604,2019-10-09
67.0,Marin,37.896231,-122.636471,2019-10-24
67.0,Calaveras,38.20177,-120.827386,2019-09-22
66.0,Monterey,35.906482000000004,-120.99291399999998,2019-09-01
65.0,Placer,39.115359999999995,-120.76088,2019-05-10
64.0,Napa,38.481258000000004,-122.143942,2019-07-22
63.0,Glenn,41.70611111,-123.4375,2019-10-04
63.0,Tehama,39.98097,-122.30736999999999,2019-05-20
62.0,San Mateo,37.166674,-122.361112,2019-10-24
60.0,Santa Clara,37.219716999999996,-121.761974,2019-08-15
58.0,Butte,39.470333000000004,-121.412333,2019-09-06
58.0,Contra Costa,37.968494,-121.678172,2019-08-07
55.0,Lassen,40.387772,-120.304341,2019-10-13
55.0,Riverside,33.57039,-116.1466,2019-05-29
53.0,Lake,38.955024,-122.833831,2019-09-07
52.0,San Luis Obispo,35.189783,-120.1755,2019-10-01
52.0,San Diego,32.87833333,-116.88,2019-09-25
50.0,San Diego,32.564583,-116.83458300000001,2019-10-31
50.0,Contra Costa,37.97911,-122.11092,2019-10-27
50.0,Sacramento,38.622058,-121.11409499999999,2019-08-02
50.0,Napa,38.63047,-122.47282,2019-06-08
50.0,Butte,39.85484,-121.905,2019-05-01
47.0,Santa Clara,37.32555556,-121.76444444,2019-07-15
47.0,Tulare,35.89593,-118.94106000000001,2019-06-10
46.0,Shasta,40.46968,-122.54364,2019-08-12
46.0,Tehama,39.97083,-122.48277,2019-06-22
45.0,Riverside,33.69078,-114.57265,2019-05-30
44.0,San Joaquin,38.017138,-120.945044,2019-09-05
43.0,Monterey,35.97059,-120.88241000000001,2019-06-12
42.0,Los Angeles,34.055768,-118.55409099999999,2019-10-21
42.0,Shasta,40.4988,-122.19911,2019-10-10
38.0,Yuba,39.06066,-121.35014,2019-07-06
35.0,Santa Clara,37.034183,-121.45597,2019-08-25
35.0,El Dorado,38.652475,-120.82616499999999,2019-08-15
35.0,Siskiyou,41.838,-122.845,2019-07-27
35.0,Santa Clara,37.44422,-121.84082,2019-06-10
34.0,Riverside,33.854597,-117.27014399999999,2019-09-12
34.0,Riverside,33.4506,-116.857817,2019-08-22
33.0,Yolo,39.171091,-121.423281,2019-08-10
33.0,Tulare,36.23012,-118.85712,2019-06-03
30.0,San Luis Obispo,35.709176,-120.31285600000001,2019-10-11
30.0,Solano,38.07944444,-122.25611111,2019-09-26
30.0,Shasta,40.55924,-122.25408999999999,2019-08-04
30.0,Shasta,40.41741,-122.767256,2019-07-05
30.0,Alameda,37.75427,-121.57382,2019-06-21
30.0,Riverside,0.0,0.0,2019-04-09
30.0,Humboldt,40.61805556,-123.67555556,2019-01-01
29.0,Santa Clara,37.066483000000005,-121.219163,2013-07-10
29.0,Kern,35.287372999999995,-118.623651,2019-08-05
28.0,Lake,38.910498,-122.642572,2019-09-04
28.0,San Diego,32.62305556,-116.91416667,2019-06-29
27.0,Placer,38.752629999999996,-121.39258999999998,2019-06-07
26.0,Riverside,33.81678,-117.18194,2019-05-20
25.0,Lake,38.88913,-122.604425,2019-10-17
25.0,Fresno,36.154184,-120.634179,2019-09-30
25.0,Mexico,32.557546,-116.87395500000001,2019-08-25
25.0,San Diego,32.557546,-116.87395500000001,2019-08-25
25.0,Alameda,37.469,-121.3697,2013-07-10
25.0,Tulare,36.14246,-118.80582,2019-06-03
24.0,Contra Costa,37.99837,-122.16201000000001,2019-07-05
24.0,Solano,38.21416,-122.12213999999999,2019-06-07
23.0,Contra Costa,38.02503,-121.9763,2019-06-06
22.0,San Diego,32.557565999999994,-116.8663,2019-05-13
21.0,Tuolumne,37.949746999999995,-120.42005800000001,2019-08-08
20.0,Colusa,39.088333,-122.30916699999999,2019-08-14
20.0,Riverside,33.909791999999996,-117.004667,2019-08-12
20.0,Lake,38.99174,-122.7751,2019-08-08
20.0,Riverside,33.69055556,-116.95388899999999,2019-07-11
20.0,Riverside,33.80493,-117.15738,2019-06-27
19.0,Riverside,33.849906,-117.46136299999999,2019-11-01
19.0,Riverside,33.703546,-117.033598,2019-09-30
19.0,Alameda,37.718636,-121.65701100000001,2019-08-31
18.0,Stanislaus,37.429505999999996,-121.33646499999999,2019-10-03
17.0,San Benito,36.732865999999994,-121.39478000000001,2019-09-04
17.0,Santa Clara,37.494136,-121.534827,2019-06-26
17.0,Butte,39.76242,-121.73658999999999,2019-06-15
17.0,Siskiyou,41.64895,-122.35961999999999,2019-06-14
16.0,Shasta,40.612556,-122.03916699999999,2019-09-24
16.0,El Dorado,38.703889000000004,-120.890556,2019-08-14
15.0,Siskiyou,41.512917,-122.740333,2019-09-07
15.0,San Bernardino,34.353667,-117.343833,2019-09-02
15.0,San Diego,33.30267,-116.97771999999999,2019-06-10
13.0,El Dorado,38.757636,-120.75663999999999,2019-07-30
12.0,Alameda,37.606,-121.853,2019-10-08
12.0,Butte,39.32889,-121.23431000000001,2019-06-29
11.0,San Bernardino,34.033117,-117.21545,2019-10-21
11.0,Tehama,40.314187,-122.07005500000001,2013-07-10
11.0,Stanislaus,37.492002,-120.401028,2019-09-13
11.0,Alameda,37.545167,-121.596667,2019-09-02
10.0,San Diego,32.762706,-117.09744099999999,2019-10-15
10.0,Tehama,39.847708000000004,-122.160416,2013-07-10
10.0,Amador,38.332083000000004,-120.67131,2019-09-25
10.0,Riverside,33.496633,-116.631106,2019-09-10
10.0,Butte,39.423833,-121.57973799999999,2019-07-23
10.0,Siskiyou,41.946220000000004,-122.40156999999999,2019-06-16
10.0,Butte,39.83958,-121.95700000000001,2019-04-30
9.0,Riverside,33.827979,-117.499619,2019-10-10
2.0,Nevada,39.40972222,-121.00055556,2019-06-28
,Yolo,38.734634,-121.72969099999999,2019-11-25
,San Diego,33.351145,-117.403719,2019-10-22
,Riverside,33.45148,-116.05898,2019-10-14
